-- Database Design for UCSY LMS
-- File - ucsy_lms_db.sql
-- Version: v1.0
-- License: MIT License

-- Copyright (c) 2026 Aung Myint Myat, University of Computer Studies Yangon. All Rights Reserved

-- Permission is hereby granted, free of charge, to any person obtaining a copy
-- of this software and associated documentation files (the "Software"), to deal
-- in the Software without restriction, including without limitation the rights
-- to use, copy, modify, merge, publish, distribute, sublicense, and/or sell
-- copies of the Software, and to permit persons to whom the Software is
-- furnished to do so, subject to the following conditions:

-- The above copyright notice and this permission notice shall be included in all
-- copies or substantial portions of the Software.

-- THE SOFTWARE IS PROVIDED "AS IS", WITHOUT WARRANTY OF ANY KIND, EXPRESS OR
-- IMPLIED, INCLUDING BUT NOT LIMITED TO THE WARRANTIES OF MERCHANTABILITY,
-- FITNESS FOR A PARTICULAR PURPOSE AND NONINFRINGEMENT. IN NO EVENT SHALL THE
-- AUTHORS OR COPYRIGHT HOLDERS BE LIABLE FOR ANY CLAIM, DAMAGES OR OTHER
-- LIABILITY, WHETHER IN AN ACTION OF CONTRACT, TORT OR OTHERWISE, ARISING FROM,
-- OUT OF OR IN CONNECTION WITH THE SOFTWARE OR THE USE OR OTHER DEALINGS IN THE
-- SOFTWARE.

create database if not exists ucsy_lms_db;
use ucsy_lms_db;

-- Departments
create table if not exists Departments(
	department_id int primary key,
    department_name varchar(255) not null
);

-- Room
create table if not exists Room(
	room_id int primary key,
    room_name varchar(255) not null,
    building_name enum('A','B','C','D','E','F','Ext1','Ext2') not null
);

-- Terms
create table if not exists Terms(
	term_id int primary key,
    semester_name enum('I','II','III','IV','V','VI','VII','VIII','IX','X') not null,
    academic_year varchar(9) not null,
    is_active boolean not null default 0,
    start_date date not null,
    end_date date
);

-- Sections
create table if not exists Sections(
	section_id int primary key,
    term_id int not null,
    section_name varchar(255) not null,
    room_id int not null,
    foreign key (room_id) references Room(room_id),
    foreign key (term_id) references Terms(term_id)
);

-- Students
create table if not exists Students(
	ykpt int primary key,
    term_id int not null,
    first_name varchar(255) not null,
    middle_name varchar(255),
    last_name varchar(255) not null,
    dob date not null,
    edu_mail varchar(255) not null unique,
    telephone varchar(15) not null unique,
    password varchar(255) not null, 
    created_at timestamp default current_timestamp,
    foreign key (term_id) references Terms(term_id)
);

-- Parents
create table if not exists Parents(
	parent_id int primary key,
    ykpt int not null,
    father_name varchar(255) not null,
    mother_name varchar(255) not null,
    email varchar(255) not null,
    telephone varchar(15) not null,
    foreign key (ykpt) references Students(ykpt)
);

-- Instructors
create table if not exists Instructors(
	instructor_id int primary key,
    first_name varchar(255) not null,
    middle_name varchar(255),
    last_name varchar(255) not null,
    department_id int not null,
    edu_mail varchar(255) not null unique,
    telephone varchar(15) not null unique,
    password varchar(255) not null,
    created_at timestamp not null default current_timestamp,
    foreign key (department_id) references Departments(department_id)
);

-- Courses
create table if not exists Courses(
	course_id int primary key,
    term_id int not null,
    department_id int not null,
	course_name varchar(255) not null,
    course_description text,
    start_date date not null,
    end_date date,
    foreign key (department_id) references Departments(department_id),
    foreign key (term_id) references Terms(term_id)
);

-- Lectures
create table if not exists Lectures(
	lecture_id int primary key,
    term_id int not null,
    course_id int not null,
    instructor_id int not null,
    section_id int not null,
    lecture_name varchar(255) not null,
    lecture_description text,
    foreign key (term_id) references Terms(term_id),
    foreign key (course_id) references Courses(course_id),
    foreign key (instructor_id) references Instructors(instructor_id),
    foreign key (section_id) references Sections(section_id)
);

-- Classes
create table if not exists Classes(
	class_id int primary key,
    lecture_id int not null,
    room_id int not null,
    class_date date not null,
    start_time timestamp not null,
    end_time timestamp,
    foreign key (lecture_id) references Lectures(lecture_id),
    foreign key (room_id) references Room(room_id)
);


-- Enrollments
create table if not exists Enrollments(
	enrollment_id int primary key,
    ykpt int not null,
    term_id int not null,
    course_id int not null,
    enrolled_at timestamp not null default current_timestamp,
    completion_status enum('Not Started','In Progress','Completed') default 'Not Started',
    foreign key (term_id) references Terms(term_id),
    foreign key (ykpt) references Students(ykpt),
    foreign key (course_id) references Courses(course_id)
);

-- Assessments
create table if not exists Assessments(
	assessment_id int primary key,
    course_id int not null,
    assessment_type enum('Tutorial','Assignment','Lab Test','Quiz','Other Test') not null,
    assessment_name varchar(255) not null,
    assessment_description text,
    due_date datetime not null,
    assessment_score int not null,
    completion_status enum('Not Started','In Progress','Completed') default 'Not Started',
    foreign key (course_id) references Courses(course_id)
);

-- Announcements
create table if not exists Announcements(
	announcement_id int primary key,
    course_id int not null,
    instructor_id int not null,
    announcement_description text not null,
    announced_at timestamp not null,
    foreign key (course_id) references Courses(course_id),
    foreign key (instructor_id) references Instructors(instructor_id)
);

-- Attendance
create table if not exists Attendance(
	attendance_id int primary key,
    ykpt int not null,
    class_id int not null,
    time_arrived timestamp not null,
    time_left timestamp not null,
    foreign key (ykpt) references Students(ykpt),
    foreign key (class_id) references Classes(class_id)
);

-- Resources
create table if not exists Resources(
	resource_id int primary key,
    course_id int not null,
	resource_type enum('Video','Slides','TextBook','Supplement','Others') not null,
    url text not null,
    uploaded_time datetime not null,
    foreign key (course_id) references Courses(course_id)
);

-- Grades
create table if not exists Grades(
	grade_id int primary key,
    ykpt int not null,
    assessment_id int not null,
    earned_score int not null,
    feedback text,
    graded_at timestamp not null,
    foreign key (ykpt) references Students(ykpt),
    foreign key (assessment_id) references Assessments(assessment_id)
);

-- Inserting UCSY Departments and Faculties
INSERT INTO Departments (department_id, department_name) VALUES 
(1, 'Faculty of Computer Science'),
(2, 'Faculty of Computer Systems and Technologies'),
(3, 'Faculty of Information Science'),
(4, 'Faculty of Computing'),
(5, 'Department of English'),
(6, 'Department of Myanmar'),
(7, 'Department of Natural Science'),
(8, 'Department of Information Technology Supporting and Maintenance'),
(9, 'Department of International Relation'),
(10, 'Department of Research and Development');

-- Inseting building and room name
INSERT INTO Room (room_id, room_name, building_name) VALUES 
(1, 'A-001', 'A'), (2, 'A-002', 'A'), (3, 'A-003', 'A'), (4, 'A-004', 'A'), (5, 'A-005', 'A'),
(6, 'A-201', 'A'), (7, 'A-202', 'A'), (8, 'A-203', 'A'), (9, 'A-204', 'A'), (10, 'A-205', 'A'),
(11, 'B-001', 'B'), (12, 'B-002', 'B'), (13, 'B-003', 'B'), (14, 'B-004', 'B'), (15, 'B-005', 'B'),
(16, 'B-201', 'B'), (17, 'B-202', 'B'), (18, 'B-203', 'B'), (19, 'B-204', 'B'), (20, 'B-205', 'B'),
(21, 'C-001', 'C'), (22, 'C-002', 'C'), (23, 'C-003', 'C'), (24, 'C-004', 'C'), (25, 'C-005', 'C'),
(26, 'C-201', 'C'), (27, 'C-202', 'C'), (28, 'C-203', 'C'), (29, 'C-204', 'C'), (30, 'C-205', 'C'),
(31, 'D-001', 'D'), (32, 'D-002', 'D'), (33, 'D-003', 'D'), (34, 'D-004', 'D'), (35, 'D-005', 'D'),
(36, 'D-201', 'D'), (37, 'D-202', 'D'), (38, 'D-203', 'D'), (39, 'D-204', 'D'), (40, 'D-205', 'D'),
(41, 'E-001', 'E'), (42, 'E-002', 'E'), (43, 'E-003', 'E'), (44, 'E-004', 'E'), (45, 'E-005', 'E'),
(46, 'E-201', 'E'), (47, 'E-202', 'E'), (48, 'E-203', 'E'), (49, 'E-204', 'E'), (50, 'E-205', 'E'),
(51, 'E-301', 'E'), (52, 'E-302', 'E'), (53, 'E-303', 'E'), (54, 'E-304', 'E'), (55, 'E-305', 'E'),
(56, 'F-001', 'F'), (57, 'F-002', 'F'), (58, 'F-003', 'F'), (59, 'F-004', 'F'), (60, 'F-005', 'F'),
(61, 'F-201', 'F'), (62, 'F-202', 'F'), (63, 'F-203', 'F'), (64, 'F-204', 'F'), (65, 'F-205', 'F'),
(66, 'F-301', 'F'), (67, 'F-302', 'F'), (68, 'F-303', 'F'), (69, 'F-304', 'F'), (70, 'F-305', 'F'),
(71, 'Ext1-001', 'Ext1'), (72, 'Ext1-002', 'Ext1'), (73, 'Ext1-003', 'Ext1'), (74, 'Ext1-004', 'Ext1'), (75, 'Ext1-005', 'Ext1'),
(76, 'Ext2-001', 'Ext2'), (77, 'Ext2-002', 'Ext2'), (78, 'Ext2-003', 'Ext2'), (79, 'Ext2-004', 'Ext2'), (80, 'Ext2-005', 'Ext2');

-- Inserting Academic Terms
INSERT INTO Terms (term_id, semester_name, academic_year, is_active, start_date, end_date) VALUES
(1, 'I', '2025-2026', 1, '2025-11-01', '2026-03-31'),
(2, 'II', '2025-2026', 0, '2026-05-01', '2026-09-30'),
(3, 'III', '2026-2027', 0, '2026-11-01', '2027-03-31'),
(4, 'IV', '2026-2027', 0, '2027-05-01', '2027-09-30'),
(5, 'V', '2027-2028', 0, '2027-11-01', '2028-03-31'),
(6, 'VI', '2027-2028', 0, '2028-05-01', '2028-09-30'),
(7, 'VII', '2028-2029', 0, '2028-11-01', '2029-03-31'),
(8, 'VIII', '2028-2029', 0, '2029-05-01', '2029-09-30'),
(9, 'IX', '2029-2030', 0, '2029-11-01', '2030-03-31'),
(10, 'X', '2029-2030', 0, '2030-05-01', '2030-09-30');

-- Inserting Sections
INSERT INTO Sections (section_id, term_id, section_name, room_id) VALUES 
-- Term 1 (Semester I)
(1, 1, 'A', 1), (2, 1, 'B', 2), (3, 1, 'C', 3), (4, 1, 'D', 4), (5, 1, 'E', 5), (6, 1, 'F', 6),
-- Term 2 (Semester II)
(7, 2, 'A', 7), (8, 2, 'B', 8), (9, 2, 'C', 9), (10, 2, 'D', 10), (11, 2, 'E', 11), (12, 2, 'F', 12),
-- Term 3 (Semester III)
(13, 3, 'A', 13), (14, 3, 'B', 14), (15, 3, 'C', 15), (16, 3, 'D', 16), (17, 3, 'E', 17), (18, 3, 'F', 18),
-- Term 4 (Semester IV)
(19, 4, 'A', 19), (20, 4, 'B', 20), (21, 4, 'C', 21), (22, 4, 'D', 22), (23, 4, 'E', 23), (24, 4, 'F', 24),
-- Term 5 (Semester V)
(25, 5, 'A', 25), (26, 5, 'B', 26), (27, 5, 'C', 27), (28, 5, 'D', 28), (29, 5, 'E', 29), (30, 5, 'F', 30),
-- Term 6 (Semester VI)
(31, 6, 'A', 31), (32, 6, 'B', 32), (33, 6, 'C', 33), (34, 6, 'D', 34), (35, 6, 'E', 35), (36, 6, 'F', 36),
-- Term 7 (Semester VII)
(37, 7, 'A', 37), (38, 7, 'B', 38), (39, 7, 'C', 39), (40, 7, 'D', 40), (41, 7, 'E', 41), (42, 7, 'F', 42),
-- Term 8 (Semester VIII)
(43, 8, 'A', 43), (44, 8, 'B', 44), (45, 8, 'C', 45), (46, 8, 'D', 46), (47, 8, 'E', 47), (48, 8, 'F', 48),
-- Term 9 (Semester IX)
(49, 9, 'A', 49), (50, 9, 'B', 50), (51, 9, 'C', 51), (52, 9, 'D', 52), (53, 9, 'E', 53), (54, 9, 'F', 54),
-- Term 10 (Semester X)
(55, 10, 'A', 55), (56, 10, 'B', 56), (57, 10, 'C', 57), (58, 10, 'D', 58), (59, 10, 'E', 59), (60, 10, 'F', 60);

-- Inserting Students
INSERT INTO Students (ykpt, term_id, first_name, middle_name, last_name, dob, edu_mail, telephone, password) VALUES
(23000, 1, 'Kyaw', 'Htet', 'Khaung', '2004-01-05', 'kyawhtetkhaung@ucsy.edu.mm', '09400000001', 'pass23000'),
(23001, 3, 'Khant', 'Thaw', 'Zin', '2004-02-10', 'khantthawzin@ucsy.edu.mm', '09400000002', 'pass23001'),
(23002, 5, 'Paing', 'Zay', 'Aung', '2003-11-15', 'paingzayaung@ucsy.edu.mm', '09400000003', 'pass23002'),
(23003, 2, 'Nay', 'Thway', 'Oo', '2004-03-22', 'naythwayoo@ucsy.edu.mm', '09400000004', 'pass23003'),
(23004, 8, 'Aung', 'Myo', 'Thu', '2003-12-01', 'aungmyothu@ucsy.edu.mm', '09400000005', 'pass23004'),
(23005, 4, 'Ei', 'Ei', 'Thu', '2004-05-14', 'eieithu@ucsy.edu.mm', '09400000006', 'pass23005'),
(23006, 10, 'Min', 'Hein', 'Kyaw', '2004-06-20', 'minheinkyaw@ucsy.edu.mm', '09400000007', 'pass23006'),
(23007, 7, 'Eain', 'Chan', 'Myae', '2003-09-30', 'eainchanmyae@ucsy.edu.mm', '09400000008', 'pass23007'),
(23008, 1, 'Khaing', 'Zar', 'Thwin', '2004-01-12', 'khaingzarthwin@ucsy.edu.mm', '09400000009', 'pass23008'),
(23009, 6, 'Theint', 'Yadanar', 'Htun', '2004-08-18', 'theintyadanarhtun@ucsy.edu.mm', '09400000010', 'pass23009'),
(23010, 9, 'Zin', 'Linn', 'Htet', '2003-07-04', 'zinlinnhtet@ucsy.edu.mm', '09400000011', 'pass23010'),
(23011, 2, 'Wint', 'Thiri', 'Aung', '2004-10-25', 'wintthiriaung@ucsy.edu.mm', '09400000012', 'pass23011'),
(23012, 5, 'Min', 'Khant', 'Thu Ya', '2004-11-11', 'minkhantthuya@ucsy.edu.mm', '09400000013', 'pass23012'),
(23013, 3, 'Su', 'Latt', 'Phyo', '2003-05-05', 'sulattphyo@ucsy.edu.mm', '09400000014', 'pass23013'),
(23014, 4, 'Han', 'Thar', 'Than', '2004-04-19', 'hantharthan@ucsy.edu.mm', '09400000015', 'pass23014'),
(23015, 8, 'Thae', 'Nu', 'Phyu', '2004-02-28', 'thaenuphyu@ucsy.edu.mm', '09400000016', 'pass23015'),
(23016, 10, 'Phyo', 'Phyo', 'Aye', '2003-12-15', 'phyophyoaye@ucsy.edu.mm', '09400000017', 'pass23016'),
(23017, 1, 'Shwe', 'Eindra', 'Shin', '2004-07-07', 'shweeindrashin@ucsy.edu.mm', '09400000018', 'pass23017'),
(23018, 6, 'Yoon', 'Nadi', '', '2004-09-09', 'yoonnadi@ucsy.edu.mm', '09400000019', 'pass23018'),
(23019, 9, 'Paing', 'Phyo', 'Aung', '2003-08-21', 'paingphyoaung@ucsy.edu.mm', '09400000020', 'pass23019'),
(23020, 2, 'Aye', 'Chan', 'Moe', '2004-01-20', 'ayechanmoe@ucsy.edu.mm', '09400000021', 'pass23020'),
(23021, 7, 'Chan', 'Linn', 'Aung', '2004-12-12', 'chanlinnaung@ucsy.edu.mm', '09400000022', 'pass23021'),
(23022, 5, 'Shunn', 'Latt', 'Aung', '2004-03-03', 'shunnlattaung@ucsy.edu.mm', '09400000023', 'pass23022'),
(23023, 3, 'Ei', 'Nay', 'Chi Oo', '2003-06-18', 'einaychioo@ucsy.edu.mm', '09400000024', 'pass23023'),
(23024, 1, 'Yan', 'Myo', 'Kyaw', '2004-11-20', 'yanmyokyaw@ucsy.edu.mm', '09400000025', 'pass23024'),
(23025, 4, 'Honey', 'Kyaw', 'Kyaw', '2004-10-10', 'honeykyawkyaw@ucsy.edu.mm', '09400000026', 'pass23025'),
(23026, 8, 'May', 'Thiri', 'Khit', '2003-04-15', 'maythirikhit@ucsy.edu.mm', '09400000027', 'pass23026'),
(23027, 2, 'Myat', 'Hein', 'Khant', '2004-02-14', 'myatheinkhant@ucsy.edu.mm', '09400000028', 'pass23027'),
(23028, 9, 'Maung', 'Khant', '', '2004-07-22', 'maungkhant@ucsy.edu.mm', '09400000029', 'pass23028'),
(23029, 6, 'Kaung', 'Zin', 'Thu', '2004-05-30', 'kaungzinthu@ucsy.edu.mm', '09400000030', 'pass23029'),
(23030, 3, 'Win', 'Shwe', 'Yee Htun', '2004-01-01', 'winshweyeetun@ucsy.edu.mm', '09400000031', 'pass23030'),
(23031, 10, 'Min', 'Thant', 'Kyaw', '2003-10-12', 'minthantkyaw@ucsy.edu.mm', '09400000032', 'pass23031'),
(23032, 5, 'Ei', 'Mon', 'Khaing', '2004-04-04', 'eimonkhaing@ucsy.edu.mm', '09400000033', 'pass23032'),
(23033, 7, 'Thin', 'Thazin', 'Naing', '2004-12-25', 'thinthazinnaing@ucsy.edu.mm', '09400000034', 'pass23033'),
(23034, 1, 'Phyo', 'Sandar', 'Aung', '2004-06-13', 'phyosandaraung@ucsy.edu.mm', '09400000035', 'pass23034'),
(23035, 4, 'Zaw', 'Htet', 'Aung', '2003-09-09', 'zawhtetaung@ucsy.edu.mm', '09400000036', 'pass23035'),
(23036, 8, 'Thit', 'Htoo', 'Aung', '2004-03-15', 'thithtooaung@ucsy.edu.mm', '09400000037', 'pass23036'),
(23037, 2, 'Wunna', '', '', '2004-08-20', 'wunna@ucsy.edu.mm', '09400000038', 'pass23037'),
(23038, 9, 'Htet', 'Htet', 'Aye Wai', '2004-11-05', 'htethtetayewai@ucsy.edu.mm', '09400000039', 'pass23038'),
(23039, 6, 'Linn', 'Han', 'Oo', '2003-05-20', 'linnhanoo@ucsy.edu.mm', '09400000040', 'pass23039'),
(23040, 3, 'Sar', 'Aung', '', '2004-02-12', 'saraung@ucsy.edu.mm', '09400000041', 'pass23040'),
(23041, 10, 'Su', 'Lae', 'Sandi', '2004-07-01', 'sulaesandi@ucsy.edu.mm', '09400000042', 'pass23041'),
(23042, 5, 'Hein', 'Htet', 'Aung', '2004-10-30', 'heinhtetaung@ucsy.edu.mm', '09400000043', 'pass23042'),
(23043, 7, 'Han', 'Linn', 'Htun', '2003-12-24', 'hanlinnhtun@ucsy.edu.mm', '09400000044', 'pass23043'),
(23044, 1, 'Su', 'Su', 'Nyein', '2004-01-25', 'susunyein@ucsy.edu.mm', '09400000045', 'pass23044'),
(23045, 4, 'Hein', 'Zaw', 'Htet', '2004-09-15', 'heinzawhtet@ucsy.edu.mm', '09400000046', 'pass230446'),
(23046, 8, 'San', 'Sit', 'Lai', '2003-08-08', 'sansitlai@ucsy.edu.mm', '09400000047', 'pass23046'),
(23047, 2, 'Khin', 'Khin', 'Chaw', '2004-04-17', 'khinkhinchaw@ucsy.edu.mm', '09400000048', 'pass23047'),
(23048, 9, 'Kaung', 'Set', 'Wai Min', '2004-06-06', 'kaungsetwaimin@ucsy.edu.mm', '09400000049', 'pass23048'),
(23049, 6, 'Gon', 'Yaung', 'Win', '2003-11-22', 'gonyaungwin@ucsy.edu.mm', '09400000050', 'pass23049'),
(23050, 3, 'Phyu', 'Lae', 'Nandar', '2004-02-05', 'phyulaenandar@ucsy.edu.mm', '09400000051', 'pass23050'),
(23051, 10, 'May', 'Thwal', 'Zin', '2004-05-19', 'maythwalzin@ucsy.edu.mm', '09400000052', 'pass23051'),
(23052, 5, 'Nyan', 'Linn', 'Htet', '2004-03-11', 'nyanlinnhtet@ucsy.edu.mm', '09400000053', 'pass23052'),
(23053, 7, 'Kaung', 'Pyae', 'Phyo Aung', '2003-07-15', 'kaungpyaephyoaung@ucsy.edu.mm', '09400000054', 'pass23053'),
(23054, 1, 'Khaing', 'Su', 'Han', '2004-12-01', 'khaingsuhan@ucsy.edu.mm', '09400000055', 'pass23054'),
(23055, 4, 'Htet', 'Thu', 'Aung', '2004-08-28', 'htetthuaung@ucsy.edu.mm', '09400000056', 'pass23055'),
(23056, 8, 'Kaung', 'Htut', 'Thaw', '2004-01-30', 'kaunghtutthaw@ucsy.edu.mm', '09400000057', 'pass23056'),
(23057, 2, 'Linn', 'Htet', 'Naing', '2003-10-18', 'linnhtetnaing@ucsy.edu.mm', '09400000058', 'pass23057'),
(23058, 9, 'Thinzar', 'Moe', 'Htet', '2004-06-04', 'thinzarmoehtet@ucsy.edu.mm', '09400000059', 'pass23058'),
(23059, 6, 'Aung', 'Khant', 'Kyaw', '2004-11-25', 'aungkhantkyaw@ucsy.edu.mm', '09400000060', 'pass23059'),
(23060, 3, 'Zin', 'Ko', 'Hlaing', '2004-09-12', 'zinkohlaing@ucsy.edu.mm', '09400000061', 'pass23060'),
(23061, 10, 'Nang Hsu', 'Yati', 'Soe', '2003-05-30', 'nanghsuyatisoe@ucsy.edu.mm', '09400000062', 'pass23061'),
(23062, 5, 'Shunn', 'Lae', 'Aung', '2004-02-22', 'shunnlaeaung@ucsy.edu.mm', '09400000063', 'pass23062'),
(23063, 7, 'Phyo', 'Khant', 'Kyaw', '2004-07-14', 'phyokhantkyaw@ucsy.edu.mm', '09400000064', 'pass23063'),
(23064, 1, 'Win', 'Zaw', 'Phyo', '2003-12-10', 'winzawphyo@ucsy.edu.mm', '09400000065', 'pass23064'),
(23065, 4, 'Aung', 'Myint', 'Myat', '2004-04-01', 'aungmyintmyat@ucsy.edu.mm', '09400000066', 'pass23065'),
(23066, 8, 'Aung', '', 'Htwe', '2004-08-08', 'aung@ucsy.edu.mm', '09400000067', 'pass23066'),
(23067, 2, 'Aung', 'Kaung', 'Myat', '2003-09-25', 'aungkaungmyat@ucsy.edu.mm', '09400000068', 'pass23067'),
(23068, 9, 'Aung', 'Oo', 'Khant', '2004-03-20', 'aungookhant@ucsy.edu.mm', '09400000069', 'pass23068'),
(23069, 6, 'May', 'Tharaphi', 'Kyaw', '2004-10-15', 'maytharaphikyaw@ucsy.edu.mm', '09400000070', 'pass23069'),
(23070, 3, 'Aung', 'Khit', 'Paing', '2003-11-11', 'aungkhitpaing@ucsy.edu.mm', '09400000071', 'pass23070'),
(23071, 10, 'Shunn', 'Nandar', 'Aung', '2004-05-05', 'shunnnandaraung@ucsy.edu.mm', '09400000072', 'pass23071'),
(23072, 5, 'Min', 'Khant', 'Aung', '2004-01-19', 'minkhantaung@ucsy.edu.mm', '09400000073', 'pass23072'),
(23073, 7, 'Than', 'Nu', 'Aye', '2003-08-30', 'thannuaye@ucsy.edu.mm', '09400000074', 'pass23073'),
(23074, 1, 'Ye', 'Yan', 'Naing', '2004-06-25', 'yeyannaing@ucsy.edu.mm', '09400000075', 'pass23074'),
(23075, 4, 'Pyae', 'Phyo', 'Maung', '2004-12-14', 'pyaephyomaung@ucsy.edu.mm', '09400000076', 'pass23075'),
(23076, 8, 'Yoon', 'Lae', 'Lae Naing', '2003-10-02', 'yoonlaelaenaing@ucsy.edu.mm', '09400000077', 'pass23076'),
(23077, 2, 'Yadanar', '', 'Htun', '2004-04-10', 'yadanarhtun@ucsy.edu.mm', '09400000078', 'pass23077'),
(23078, 9, 'Sin', 'Thant', 'Shin', '2004-09-28', 'sinthantshin@ucsy.edu.mm', '09400000079', 'pass23078'),
(23079, 6, 'Myat', 'Thuta', 'Kyaw', '2003-07-20', 'myatthutakyaw@ucsy.edu.mm', '09400000080', 'pass23079'),
(23080, 3, 'San', 'Thwin', 'Oo', '2004-01-08', 'santhwinoo@ucsy.edu.mm', '09400000081', 'pass23080'),
(23081, 10, 'Aung', 'Myint', 'Myat', '2004-05-12', 'aungmyintmyat2@ucsy.edu.mm', '09400000082', 'pass23081'),
(23082, 5, 'Aung', 'Htwe', '', '2003-12-05', 'aunghtwe@ucsy.edu.mm', '09400000083', 'pass23082'),
(23083, 7, 'Tin', 'Zar', 'Hlaing', '2004-10-31', 'tinzarhlaing@ucsy.edu.mm', '09400000084', 'pass23083'),
(23084, 1, 'Ye', 'Kyaw', 'Swar', '2004-08-15', 'yekyawswar@ucsy.edu.mm', '09400000085', 'pass23084'),
(23085, 4, 'La', 'Minn', 'Htet', '2003-11-20', 'laminnhtet@ucsy.edu.mm', '09400000086', 'pass23085'),
(23086, 8, 'Ju', 'Ju', 'May Maung', '2004-02-14', 'jujumaymaung@ucsy.edu.mm', '09400000087', 'pass23086'),
(23087, 2, 'Myo', 'Myat', 'Aung', '2004-07-04', 'myomyataung@ucsy.edu.mm', '09400000088', 'pass23087'),
(23088, 9, 'Zaw', 'Naing', 'Oo', '2003-09-12', 'zawnaingoo@ucsy.edu.mm', '09400000089', 'pass23088'),
(23089, 6, 'Linn', 'Htet', 'Win', '2004-03-25', 'linnhtetwin@ucsy.edu.mm', '09400000090', 'pass23089'),
(23090, 3, 'Chan', 'Myae', 'Htaik', '2004-12-05', 'chanmyaehtaik@ucsy.edu.mm', '09400000091', 'pass23090'),
(23091, 10, 'Khin', 'Thandar', 'Oo', '2003-08-18', 'khinthandaroo@ucsy.edu.mm', '09400000092', 'pass23091'),
(23092, 5, 'Zun', 'Pann', 'Wai', '2004-04-20', 'zunpannwai@ucsy.edu.mm', '09400000093', 'pass23092'),
(23093, 7, 'Thet', 'Naing', 'Oo', '2004-11-15', 'thetnaingoo@ucsy.edu.mm', '09400000094', 'pass23093'),
(23094, 1, 'Yee', 'Wai', 'Htun', '2003-12-25', 'yeewaihtun@ucsy.edu.mm', '09400000095', 'pass23094'),
(23095, 4, 'Mya', 'Pann', 'Khaing', '2004-06-30', 'myapannkhaing@ucsy.edu.mm', '09400000096', 'pass23095'),
(23096, 8, 'Win', 'Myint', 'Aung', '2004-10-05', 'winmyintaung@ucsy.edu.mm', '09400000097', 'pass23096'),
(23097, 2, 'Yoon', 'Shwe', 'Yee', '2003-07-11', 'yoonshweyee@ucsy.edu.mm', '09400000098', 'pass23097'),
(23098, 9, 'Kyaw', 'Zaw', 'Hlaing', '2004-02-28', 'kyawzawhlaing@ucsy.edu.mm', '09400000099', 'pass23098'),
(23099, 6, 'Mya', 'Thet', 'Htar', '2004-08-01', 'myathethtar@ucsy.edu.mm', '09400000100', 'pass23099'),
(23100, 3, 'Hnin', 'Nandar', 'Aung', '2003-05-15', 'hninnandaraung@ucsy.edu.mm', '09400000101', 'pass23100'),
(23101, 10, 'Linn', 'Thitsar', 'Oo', '2004-01-22', 'linnthitsaroo@ucsy.edu.mm', '09400000102', 'pass23101'),
(23102, 5, 'Htet', 'Eindra', 'Hlaing', '2004-09-09', 'hteteindrahlaing@ucsy.edu.mm', '09400000103', 'pass23102'),
(23103, 7, 'Thwal', 'Thwal', 'Moe', '2003-11-30', 'thwalthwalmoe@ucsy.edu.mm', '09400000104', 'pass23103'),
(23104, 1, 'Eindray', '', 'Thu', '2004-04-14', 'eindrathu@ucsy.edu.mm', '09400000105', 'pass23104'),
(23105, 4, 'Wai', 'Yan', 'Linn Thant', '2004-12-10', 'waiyanlinnthant@ucsy.edu.mm', '09400000106', 'pass23105'),
(23106, 8, 'Moe', 'Myat', 'Han', '2003-08-25', 'moemyathan@ucsy.edu.mm', '09400000107', 'pass23106'),
(23107, 2, 'Aung', 'Khant', 'Maw', '2004-03-03', 'aungkhantmaw@ucsy.edu.mm', '09400000108', 'pass23107'),
(23108, 9, 'Moe', '', 'Hein', '2004-10-20', 'moehein@ucsy.edu.mm', '09400000109', 'pass23108'),
(23109, 6, 'Kyal', 'Sin', 'Than Htun', '2003-06-18', 'kyalsinthanhtun@ucsy.edu.mm', '09400000110', 'pass23109'),
(23110, 3, 'Htet', 'Ko', '', '2004-02-02', 'htetko@ucsy.edu.mm', '09400000111', 'pass23110'),
(23111, 10, 'Myat', 'Min', 'Khant', '2004-07-27', 'myatminkhant@ucsy.edu.mm', '09400000112', 'pass23111');

-- Inserting Parents
INSERT INTO Parents (parent_id, ykpt, father_name, mother_name, email, telephone) VALUES
(1001, 23000, 'U Kyaw Myint', 'Daw Khin Lay', 'kyawmyint@gmail.com', '09500000001'),
(1002, 23001, 'U Thaw Zin', 'Daw Myat Mon', 'thawzin@gmail.com', '09500000002'),
(1003, 23002, 'U Paing Soe', 'Daw Hla Hla', 'paingsoe@gmail.com', '09500000003'),
(1004, 23003, 'U Nay Win', 'Daw Thida', 'naywin@gmail.com', '09500000004'),
(1005, 23004, 'U Myo Aung', 'Daw Aye Aye', 'myoaung@gmail.com', '09500000005'),
(1006, 23005, 'U Thu Rein', 'Daw Sandar', 'thurein@gmail.com', '09500000006'),
(1007, 23006, 'U Hein Kyaw', 'Daw Mar Mar', 'heinkyaw@gmail.com', '09500000007'),
(1008, 23007, 'U Chan Myae', 'Daw Ni Ni', 'chanmyae@gmail.com', '09500000008'),
(1009, 23008, 'U Zar Ni', 'Daw Cho Cho', 'zarni@gmail.com', '09500000009'),
(1010, 23009, 'U Htun Htun', 'Daw Mya Mya', 'htunhtun@gmail.com', '09500000010'),
(1011, 23010, 'U Linn Htet', 'Daw Nu Nu', 'linnhtet@gmail.com', '09500000011'),
(1012, 23011, 'U Aung Kyaw', 'Daw Khin Win', 'aungkyaw@gmail.com', '09500000012'),
(1013, 23012, 'U Thu Ya', 'Daw Yin Yin', 'thuya@gmail.com', '09500000013'),
(1014, 23013, 'U Latt Maung', 'Daw Swe Swe', 'lattmaung@gmail.com', '09500000014'),
(1015, 23014, 'U Than Aung', 'Daw May Zin', 'thanaung@gmail.com', '09500000015'),
(1016, 23015, 'U Phyu Win', 'Daw Nilar', 'phyuwin@gmail.com', '09500000016'),
(1017, 23016, 'U Aye Ko', 'Daw Phyo Phyo', 'ayeko@gmail.com', '09500000017'),
(1018, 23017, 'U Shin Thant', 'Daw Moe Moe', 'shinthant@gmail.com', '09500000018'),
(1019, 23018, 'U Nadi Aung', 'Daw Su Su', 'nadiaung@gmail.com', '09500000019'),
(1020, 23019, 'U Phyo Min', 'Daw Myint Myint', 'phyomin@gmail.com', '09500000020'),
(1021, 23020, 'U Moe Yan', 'Daw Aye Mi', 'moeyan@gmail.com', '09500000021'),
(1022, 23021, 'U Linn Aung', 'Daw Hnin Hnin', 'linnaung@gmail.com', '09500000022'),
(1023, 23022, 'U Aung Ko', 'Daw Latt Latt', 'aungko@gmail.com', '09500000023'),
(1024, 23023, 'U Chi Oo', 'Daw Nay Chi', 'chioo@gmail.com', '09500000024'),
(1025, 23024, 'U Yan Myo', 'Daw Kyi Kyi', 'yanmyo@gmail.com', '09500000025'),
(1026, 23025, 'U Kyaw Kyaw', 'Daw Honey', 'kyawkyaw@gmail.com', '09500000026'),
(1027, 23026, 'U Khit Maung', 'Daw Thiri', 'khitmaung@gmail.com', '09500000027'),
(1028, 23027, 'U Myat Hein', 'Daw Khant Khant', 'myathein@gmail.com', '09500000028'),
(1029, 23028, 'U Maung Maung', 'Daw Aye Than', 'maungmaung@gmail.com', '09500000029'),
(1030, 23029, 'U Zin Thu', 'Daw Kaung Kaung', 'zinthu@gmail.com', '09500000030'),
(1031, 23030, 'U Htun Win', 'Daw Shwe Yee', 'htunwin@gmail.com', '09500000031'),
(1032, 23031, 'U Kyaw Thant', 'Daw Min Min', 'kyawthant@gmail.com', '09500000032'),
(1033, 23032, 'U Mon Khaing', 'Daw Ei Ei', 'monkhaing@gmail.com', '09500000033'),
(1034, 23033, 'U Naing Win', 'Daw Thazin', 'naingwin@gmail.com', '09500000034'),
(1035, 23034, 'U Phyo Aung', 'Daw Sandar', 'phyoaung@gmail.com', '09500000035'),
(1036, 23035, 'U Zaw Zaw', 'Daw Htet Htet', 'zawzaw@gmail.com', '09500000036'),
(1037, 23036, 'U Thit Lwin', 'Daw Htoo Htoo', 'thitlwin@gmail.com', '09500000037'),
(1038, 23037, 'U Wunna Ko', 'Daw Myat Thida', 'wunnako@gmail.com', '09500000038'),
(1039, 23038, 'U Aye Wai', 'Daw Htet Aye', 'ayewai@gmail.com', '09500000039'),
(1040, 23039, 'U Han Oo', 'Daw Linn Linn', 'hanoo@gmail.com', '09500000040'),
(1041, 23040, 'U Sar Aung', 'Daw Khin Khin', 'saraung@gmail.com', '09500000041'),
(1042, 23041, 'U Sandi Ko', 'Daw Su Lae', 'sandiko@gmail.com', '09500000042'),
(1043, 23042, 'U Hein Htet', 'Daw Aung Aung', 'heinhtet@gmail.com', '09500000043'),
(1044, 23043, 'U Han Linn', 'Daw Htun Htun', 'hanlin@gmail.com', '09500000044'),
(1045, 23044, 'U Nyein Chan', 'Daw Su Su', 'nyeinchan@gmail.com', '09500000045'),
(1046, 23045, 'U Zaw Htet', 'Daw Hein Hein', 'zawhtet@gmail.com', '09500000046'),
(1047, 23046, 'U Sit Lai', 'Daw San San', 'sitlai@gmail.com', '09500000047'),
(1048, 23047, 'U Chaw Su', 'Daw Khin Khin', 'chawsu@gmail.com', '09500000048'),
(1049, 23048, 'U Wai Min', 'Daw Kaung Kaung', 'waimin@gmail.com', '09500000049'),
(1050, 23049, 'U Yaung Win', 'Daw Gone Yaung', 'yaungwin@gmail.com', '09500000050'),
(1051, 23050, 'U Nandar Win', 'Daw Phyu Phyu', 'nandarwin@gmail.com', '09500000051'),
(1052, 23051, 'U Thwal Zin', 'Daw May May', 'thwalzin@gmail.com', '09500000052'),
(1053, 23052, 'U Nyan Linn', 'Daw Htet Htet', 'nyanlinn@gmail.com', '09500000053'),
(1054, 23053, 'U Phyo Aung', 'Daw Pyae Pyae', 'phyoaung@gmail.com', '09500000054'),
(1055, 23054, 'U Su Han', 'Daw Khaing Khaing', 'suhan@gmail.com', '09500000055'),
(1056, 23055, 'U Thu Aung', 'Daw Htet Htet', 'thuaung@gmail.com', '09500000056'),
(1057, 23056, 'U Htut Thaw', 'Daw Kaung Kaung', 'htutthaw@gmail.com', '09500000057'),
(1058, 23057, 'U Naing Win', 'Daw Linn Linn', 'naingwin@gmail.com', '09500000058'),
(1059, 23058, 'U Moe Htet', 'Daw Thinzar', 'moehtet@gmail.com', '09500000059'),
(1060, 23059, 'U Khant Kyaw', 'Daw Aung Aung', 'khantkyaw@gmail.com', '09500000060'),
(1061, 23060, 'U Ko Hlaing', 'Daw Zin Zin', 'kohlaing@gmail.com', '09500000061'),
(1062, 23061, 'U Yati Soe', 'Daw Nan Nan', 'yatisoe@gmail.com', '09500000062'),
(1063, 23062, 'U Lae Aung', 'Daw Shunn Shunn', 'laeaung@gmail.com', '09500000063'),
(1064, 23063, 'U Khant Kyaw', 'Daw Phyo Phyo', 'khantkyaw2@gmail.com', '09500000064'),
(1065, 23064, 'U Zaw Phyo', 'Daw Win Win', 'zawphyo@gmail.com', '09500000065'),
(1066, 23065, 'U Myint Myat', 'Daw Aung Aung', 'myintmyat@gmail.com', '09500000066'),
(1067, 23066, 'U Aung Ko', 'Daw Mya Mya', 'aungko2@gmail.com', '09500000067'),
(1068, 23067, 'U Kaung Myat', 'Daw Aung Aung', 'kaungmyat@gmail.com', '09500000068'),
(1069, 23068, 'U Oo Khant', 'Daw Aung Aung', 'ookhant@gmail.com', '09500000069'),
(1070, 23069, 'U Tharaphi Kyaw', 'Daw May May', 'tharaphikyaw@gmail.com', '09500000070'),
(1071, 23070, 'U Khit Paing', 'Daw Aung Aung', 'khitpaing@gmail.com', '09500000071'),
(1072, 23071, 'U Nandar Aung', 'Daw Shunn Shunn', 'nandaraung@gmail.com', '09500000072'),
(1073, 23072, 'U Khant Aung', 'Daw Min Min', 'khantaung@gmail.com', '09500000073'),
(1074, 23073, 'U Than Nu', 'Daw Aye Aye', 'thannu@gmail.com', '09500000074'),
(1075, 23074, 'U Yan Naing', 'Daw Ye Ye', 'yannaing@gmail.com', '09500000075'),
(1076, 23075, 'U Phyo Maung', 'Daw Pyae Pyae', 'phyomaung@gmail.com', '09500000076'),
(1077, 23076, 'U Lae Naing', 'Daw Yoon Yoon', 'laenaing@gmail.com', '09500000077'),
(1078, 23077, 'U Htun Win', 'Daw Yadanar', 'htunwin2@gmail.com', '09500000078'),
(1079, 23078, 'U Thant Shin', 'Daw Sin Sin', 'thantshin@gmail.com', '09500000079'),
(1080, 23079, 'U Thuta Kyaw', 'Daw Myat Myat', 'thutakyaw@gmail.com', '09500000080'),
(1081, 23080, 'U Thwin Oo', 'Daw San San', 'thwinoo@gmail.com', '09500000081'),
(1082, 23081, 'U Myint Myat', 'Daw Aung Aung', 'myintmyat2@gmail.com', '09500000082'),
(1083, 23082, 'U Aung Htway', 'Daw Mya Mya', 'aunghtway@gmail.com', '09500000083'),
(1084, 23083, 'U Zar Hlaing', 'Daw Tin Tin', 'zarhlaing@gmail.com', '09500000084'),
(1085, 23084, 'U Kyaw Swar', 'Daw Ye Ye', 'kyawswar@gmail.com', '09500000085'),
(1086, 23085, 'U Minn Htet', 'Daw La La', 'minnhtet@gmail.com', '09500000086'),
(1087, 23086, 'U May Maung', 'Daw Ju Ju', 'maymaung@gmail.com', '09500000087'),
(1088, 23087, 'U Myat Aung', 'Daw Myo Myo', 'myataung@gmail.com', '09500000088'),
(1089, 23088, 'U Naing Oo', 'Daw Zaw Zaw', 'naingoo@gmail.com', '09500000089'),
(1090, 23089, 'U Htet Win', 'Daw Linn Linn', 'htetwin@gmail.com', '09500000090'),
(1091, 23090, 'U Myae Htaik', 'Daw Chan Chan', 'myaehtaik@gmail.com', '09500000091'),
(1092, 23091, 'U Thandar Oo', 'Daw Khin Khin', 'thandaroo@gmail.com', '09500000092'),
(1093, 23092, 'U Pann Wai', 'Daw Zun Zun', 'pannwai@gmail.com', '09500000093'),
(1094, 23093, 'U Naing Oo', 'Daw Thet Thet', 'naingoo2@gmail.com', '09500000094'),
(1095, 23094, 'U Wai Htun', 'Daw Yee Yee', 'waihtun@gmail.com', '09500000095'),
(1096, 23095, 'U Pann Khaing', 'Daw Mya Mya', 'pannkhaing@gmail.com', '09500000096'),
(1097, 23096, 'U Myint Aung', 'Daw Win Win', 'myintaung@gmail.com', '09500000097'),
(1098, 23097, 'U Shwe Yee', 'Daw Yoon Yoon', 'shweyee@gmail.com', '09500000098'),
(1099, 23098, 'U Zaw Hlaing', 'Daw Kyaw Kyaw', 'zawhlaing@gmail.com', '09500000099'),
(1100, 23099, 'U Thet Htar', 'Daw Mya Mya', 'thethtar@gmail.com', '09500000100'),
(1101, 23100, 'U Nandar Aung', 'Daw Hnin Hnin', 'nandaraung2@gmail.com', '09500000101'),
(1102, 23101, 'U Thitsar Oo', 'Daw Linn Linn', 'thitsaroo@gmail.com', '09500000102'),
(1103, 23102, 'U Eindra Hlaing', 'Daw Htet Htet', 'eindrahlaing@gmail.com', '09500000103'),
(1104, 23103, 'U Thwal Moe', 'Daw Thwal Thwal', 'thwalmoe@gmail.com', '09500000104'),
(1105, 23104, 'U Thu Win', 'Daw Eindra', 'thuwin@gmail.com', '09500000105'),
(1106, 23105, 'U Linn Thant', 'Daw Wai Wai', 'linnthant@gmail.com', '09500000106'),
(1107, 23106, 'U Myat Han', 'Daw Moe Moe', 'myathan@gmail.com', '09500000107'),
(1108, 23107, 'U Khant Maw', 'Daw Aung Aung', 'khantmaw@gmail.com', '09500000108'),
(1109, 23108, 'U Hein Win', 'Daw Moe Moe', 'heinwin@gmail.com', '09500000109'),
(1110, 23109, 'U Than Htun', 'Daw Kyal Sin', 'thanhtun@gmail.com', '09500000110'),
(1111, 23110, 'U Ko Ko', 'Daw Htet Htet', 'koko@gmail.com', '09500000111'),
(1112, 23111, 'U Min Khant', 'Daw Myat Myat', 'minkhant2@gmail.com', '09500000112');

-- Inserting Instructors
INSERT INTO Instructors (instructor_id, first_name, middle_name, last_name, department_id, edu_mail, telephone, password) VALUES
(1, 'Dr. Kyaw', 'Zay', 'Ya', 3, 'kyawzayya@ucsy.edu.mm', '092000001', 'pass_inst_1'),
(2, 'Daw Aye', 'Aye', 'Win', 5, 'ayeayewin@ucsy.edu.mm', '092000002', 'pass_inst_2'),
(3, 'Dr. Myo', 'Min', 'Tun', 1, 'myomintun@ucsy.edu.mm', '092000003', 'pass_inst_3'),
(4, 'U Than', 'Htike', 'Aung', 8, 'thanhtikeaung@ucsy.edu.mm', '092000004', 'pass_inst_4'),
(5, 'Dr. Su', 'Myat', 'Mon', 2, 'sumyatmon@ucsy.edu.mm', '092000005', 'pass_inst_5'),
(6, 'Daw Hnin', 'Pwint', 'Wai', 10, 'hninpwintwai@ucsy.edu.mm', '092000006', 'pass_inst_6'),
(7, 'Dr. Zaw', 'Lin', 'Htut', 4, 'zawlinhtut@ucsy.edu.mm', '092000007', 'pass_inst_7'),
(8, 'U Nay', 'Lin', 'Soe', 7, 'naylinsoe@ucsy.edu.mm', '092000008', 'pass_inst_8'),
(9, 'Dr. Khin', 'Mar', 'Lar', 9, 'khinmarlar@ucsy.edu.mm', '092000009', 'pass_inst_9'),
(10, 'Daw Thinzar', '', 'Kyaw', 6, 'thinzarkyaw@ucsy.edu.mm', '092000010', 'pass_inst_10'),
(11, 'Dr. Yan', 'Naing', 'Aye', 3, 'yannaingaye@ucsy.edu.mm', '092000011', 'pass_inst_11'),
(12, 'U Sann', 'Linn', 'Aung', 5, 'sannlinnaung@ucsy.edu.mm', '092000012', 'pass_inst_12'),
(13, 'Dr. Ni', 'Lar', 'Thein', 1, 'nilarthein@ucsy.edu.mm', '092000013', 'pass_inst_13'),
(14, 'Daw Mya', 'Thida', 'Lwin', 8, 'myathidalwin@ucsy.edu.mm', '092000014', 'pass_inst_14'),
(15, 'Dr. Aung', 'Myo', 'San', 2, 'aungmyosan@ucsy.edu.mm', '092000015', 'pass_inst_15'),
(16, 'U Kyaw', 'Swatt', 'Han', 10, 'kyawswatthan@ucsy.edu.mm', '092000016', 'pass_inst_16'),
(17, 'Dr. Phyu', 'Phyu', 'Thin', 4, 'phyuphyuthin@ucsy.edu.mm', '092000017', 'pass_inst_17'),
(18, 'Daw Cho', 'Cho', 'Lwin', 7, 'chocholwin@ucsy.edu.mm', '092000018', 'pass_inst_18'),
(19, 'Dr. Htin', 'Kyaw', 'Aung', 9, 'htinkyawaung@ucsy.edu.mm', '092000019', 'pass_inst_19'),
(20, 'U Min', 'Khant', 'Zaw', 6, 'minkhantzaw@ucsy.edu.mm', '092000020', 'pass_inst_20'),
(21, 'Dr. Thida', '', 'Win', 3, 'thidawin@ucsy.edu.mm', '092000021', 'pass_inst_21'),
(22, 'Daw Yin', 'Yin', 'Phyu', 5, 'yinyinphyu@ucsy.edu.mm', '092000022', 'pass_inst_22'),
(23, 'Dr. Sai', 'Kyaw', 'Tun', 1, 'saikyawtun@ucsy.edu.mm', '092000023', 'pass_inst_23'),
(24, 'U Wunna', 'Ko', 'Ko', 8, 'wunnakoko@ucsy.edu.mm', '092000024', 'pass_inst_24'),
(25, 'Dr. Nu', 'Nu', 'Lwin', 2, 'nunulwin@ucsy.edu.mm', '092000025', 'pass_inst_25'),
(26, 'Daw Zun', 'Pwint', 'Phyu', 10, 'zunpwintphyu@ucsy.edu.mm', '092000026', 'pass_inst_26'),
(27, 'Dr. Ye', 'Yint', 'Aung', 4, 'yeyintaung@ucsy.edu.mm', '092000027', 'pass_inst_27'),
(28, 'U Kaung', 'Htet', 'Naing', 7, 'kaunghtetnaing@ucsy.edu.mm', '092000028', 'pass_inst_28'),
(29, 'Dr. May', 'Thet', 'Htun', 9, 'maythethtun@ucsy.edu.mm', '092000029', 'pass_inst_29'),
(30, 'Daw Sandar', '', 'Win', 6, 'sandarwin@ucsy.edu.mm', '092000030', 'pass_inst_30'),
(31, 'Dr. Kyaw', 'Kyaw', 'Hein', 3, 'kyawkyawhein@ucsy.edu.mm', '092000031', 'pass_inst_31'),
(32, 'U Htet', 'Paing', 'Soe', 5, 'htetpaingsoe@ucsy.edu.mm', '092000032', 'pass_inst_32'),
(33, 'Dr. Khine', 'Zar', 'Ne', 1, 'khinezarne@ucsy.edu.mm', '092000033', 'pass_inst_33'),
(34, 'Daw Phyo', 'Wai', 'Tun', 8, 'phyowaitun@ucsy.edu.mm', '092000034', 'pass_inst_34'),
(35, 'Dr. Zin', 'Mar', 'Win', 2, 'zinmarwin@ucsy.edu.mm', '092000035', 'pass_inst_35'),
(36, 'U Nyi', 'Nyi', 'Lwin', 10, 'nyinyilwin@ucsy.edu.mm', '092000036', 'pass_inst_36'),
(37, 'Dr. Nan', 'Kham', 'Kham', 4, 'nankhamkham@ucsy.edu.mm', '092000037', 'pass_inst_37'),
(38, 'Daw Yee', 'Mon', 'Aung', 7, 'yeemonaung@ucsy.edu.mm', '092000038', 'pass_inst_38'),
(39, 'Dr. Sithu', '', 'Aung', 9, 'sithuaung@ucsy.edu.mm', '092000039', 'pass_inst_39'),
(40, 'U Hein', 'Min', 'Latt', 6, 'heinminlatt@ucsy.edu.mm', '092000040', 'pass_inst_40'),
(41, 'Dr. Moe', 'Moe', 'Myint', 3, 'moemoemyint@ucsy.edu.mm', '092000041', 'pass_inst_41'),
(42, 'Daw Naw', 'Htoo', 'Say', 5, 'nawhtoosay@ucsy.edu.mm', '092000042', 'pass_inst_42'),
(43, 'Dr. Ba', 'Thein', 'Win', 1, 'batheinwin@ucsy.edu.mm', '092000043', 'pass_inst_43'),
(44, 'U Zaw', 'Myo', 'Aung', 8, 'zawmyoaung@ucsy.edu.mm', '092000044', 'pass_inst_44'),
(45, 'Dr. Ei', 'Khaing', 'Win', 2, 'eikhaingwin@ucsy.edu.mm', '092000045', 'pass_inst_45'),
(46, 'Daw Kay', 'Khaing', 'Wai', 10, 'kaykhaingwai@ucsy.edu.mm', '092000046', 'pass_inst_46'),
(47, 'Dr. Win', 'Zaw', 'Htut', 4, 'winzawhtut@ucsy.edu.mm', '092000047', 'pass_inst_47'),
(48, 'U Linn', 'Thant', 'Kyaw', 7, 'linnthantkyaw@ucsy.edu.mm', '092000048', 'pass_inst_48'),
(49, 'Dr. Khin', 'Myo', 'Aye', 9, 'khinmyoaye@ucsy.edu.mm', '092000049', 'pass_inst_49'),
(50, 'Daw Swe', 'Swe', 'Aung', 6, 'swesweaung@ucsy.edu.mm', '092000050', 'pass_inst_50'),
(51, 'Dr. Kyaw', 'Swa', 'Linn', 3, 'kyawswalinn@ucsy.edu.mm', '092000051', 'pass_inst_51'),
(52, 'U Pyae', 'Sone', 'Aung', 5, 'pyaesoneaung@ucsy.edu.mm', '092000052', 'pass_inst_52'),
(53, 'Dr. Nan', 'Cho', 'Nwe', 1, 'nanchonwe@ucsy.edu.mm', '092000053', 'pass_inst_53'),
(54, 'Daw Nilar', '', 'Win', 8, 'nilarwin@ucsy.edu.mm', '092000054', 'pass_inst_54'),
(55, 'Dr. Min', 'Thein', 'Kyaw', 2, 'mintheinkyaw@ucsy.edu.mm', '092000055', 'pass_inst_55'),
(56, 'U Aung', 'Phyo', 'Kyaw', 10, 'aungphyokyaw@ucsy.edu.mm', '092000056', 'pass_inst_56'),
(57, 'Dr. Htet', 'Htet', 'Win', 4, 'htethtetwin@ucsy.edu.mm', '092000057', 'pass_inst_57'),
(58, 'Daw Wint', 'Thiri', 'Phyo', 7, 'wintthiriphyo@ucsy.edu.mm', '092000058', 'pass_inst_58'),
(59, 'Dr. Soe', 'Myint', 'Aung', 9, 'soemyintaung@ucsy.edu.mm', '092000059', 'pass_inst_59'),
(60, 'U Naing', 'Lin', 'Htun', 6, 'nainglinhtun@ucsy.edu.mm', '092000060', 'pass_inst_60'),
(61, 'Dr. Myat', 'Thiri', 'Khine', 3, 'myatthirikhine@ucsy.edu.mm', '092000061', 'pass_inst_61'),
(62, 'Daw Nyo', 'Nyo', 'Thant', 5, 'nyonyothant@ucsy.edu.mm', '092000062', 'pass_inst_62'),
(63, 'Dr. Htin', 'Kyaw', 'Lin', 1, 'htinkyawlin@ucsy.edu.mm', '092000063', 'pass_inst_63'),
(64, 'U Thant', 'Zin', 'Oo', 8, 'thantzinoo@ucsy.edu.mm', '092000064', 'pass_inst_64'),
(65, 'Dr. Win', 'Thida', 'Aung', 2, 'winthidaaung@ucsy.edu.mm', '092000065', 'pass_inst_65'),
(66, 'Daw Ei', 'Ei', 'Phyo', 10, 'eieiphyo@ucsy.edu.mm', '092000066', 'pass_inst_66'),
(67, 'Dr. Kyaw', 'Kyaw', 'Soe', 4, 'kyawkyawsoe@ucsy.edu.mm', '092000067', 'pass_inst_67'),
(68, 'U San', 'Tun', 'Aung', 7, 'santunaung@ucsy.edu.mm', '092000068', 'pass_inst_68'),
(69, 'Dr. Maung', 'Maung', 'Lwin', 9, 'maungmaunglwin@ucsy.edu.mm', '092000069', 'pass_inst_69'),
(70, 'Daw Nu', 'Nu', 'Win', 6, 'nunuwin@ucsy.edu.mm', '092000070', 'pass_inst_70'),
(71, 'Dr. Khaing', 'Zar', 'Win', 3, 'khaingzarwin@ucsy.edu.mm', '092000071', 'pass_inst_71'),
(72, 'U Tun', 'Tun', 'Oo', 5, 'tuntunoo@ucsy.edu.mm', '092000072', 'pass_inst_72'),
(73, 'Dr. Mya', 'Mya', 'Win', 1, 'myamyawin@ucsy.edu.mm', '092000073', 'pass_inst_73'),
(74, 'Daw Hnin', 'Su', 'Latt', 8, 'hninsulatt@ucsy.edu.mm', '092000074', 'pass_inst_74'),
(75, 'Dr. Aung', 'Zaw', 'Min', 2, 'aungzawmin@ucsy.edu.mm', '092000075', 'pass_inst_75'),
(76, 'U Myo', 'Nyunt', 'Aung', 10, 'myonyuntaung@ucsy.edu.mm', '092000076', 'pass_inst_76'),
(77, 'Dr. Aye', 'Mya', 'Thida', 4, 'ayemyathida@ucsy.edu.mm', '092000077', 'pass_inst_77'),
(78, 'Daw May', 'Thway', 'Ko', 7, 'maythwayko@ucsy.edu.mm', '092000078', 'pass_inst_78'),
(79, 'Dr. Tin', 'Tun', 'Aung', 9, 'tintunaung@ucsy.edu.mm', '092000079', 'pass_inst_79'),
(80, 'U Yan', 'Myo', 'Naing', 6, 'yanmyonaing@ucsy.edu.mm', '092000080', 'pass_inst_80'),
(81, 'Dr. Cho', 'Mar', 'Thein', 3, 'chomarthein@ucsy.edu.mm', '092000081', 'pass_inst_81'),
(82, 'Daw Sandar', NULL, 'Aung', 5, 'sandaraung@ucsy.edu.mm', '092000082', 'pass_inst_82'),
(83, 'Dr. Hein', 'Min', 'Soe', 1, 'heinminsoe@ucsy.edu.mm', '092000083', 'pass_inst_83'),
(84, 'U Thet', 'Lwin', 'Oo', 8, 'thetlwinoo@ucsy.edu.mm', '092000084', 'pass_inst_84'),
(85, 'Dr. Yu', 'Yu', 'Aung', 2, 'yuyuaung@ucsy.edu.mm', '092000085', 'pass_inst_85'),
(86, 'Daw Le', 'Le', 'Win', 10, 'lelewin@ucsy.edu.mm', '092000086', 'pass_inst_86'),
(87, 'Dr. Kyaw', 'Lin', 'Aung', 4, 'kyawlinaung@ucsy.edu.mm', '092000087', 'pass_inst_87'),
(88, 'U Soe', 'Min', 'Htun', 7, 'soeminhtun@ucsy.edu.mm', '092000088', 'pass_inst_88'),
(89, 'Dr. Thant', 'Zin', 'Win', 9, 'thantzinwin@ucsy.edu.mm', '092000089', 'pass_inst_89'),
(90, 'Daw Ni', 'Ni', 'Aung', 6, 'niniaung@ucsy.edu.mm', '092000090', 'pass_inst_90'),
(91, 'Dr. Phyo', 'Maung', 'Maung', 3, 'phyomaungmaung@ucsy.edu.mm', '092000091', 'pass_inst_91'),
(92, 'U Ko', 'Ko', 'Lwin', 5, 'kokolwin@ucsy.edu.mm', '092000092', 'pass_inst_92'),
(93, 'Dr. Khine', 'Thin', 'Kyi', 1, 'khinethinkyi@ucsy.edu.mm', '092000093', 'pass_inst_93'),
(94, 'Daw Swe', 'Swe', 'Win', 8, 'sweswewin@ucsy.edu.mm', '092000094', 'pass_inst_94'),
(95, 'Dr. Aung', 'Kyaw', 'Min', 2, 'aungkyawmin@ucsy.edu.mm', '092000095', 'pass_inst_95'),
(96, 'U Nay', 'Myo', 'Win', 10, 'naymyowin@ucsy.edu.mm', '092000096', 'pass_inst_96'),
(97, 'Dr. Yin', 'Mon', 'Myint', 4, 'yinmonmyint@ucsy.edu.mm', '092000097', 'pass_inst_97'),
(98, 'Daw Thida', '', 'Latt', 7, 'thidalatt@ucsy.edu.mm', '092000098', 'pass_inst_98'),
(99, 'Dr. Htun', 'Htun', 'Naing', 9, 'htunhtunnaing@ucsy.edu.mm', '092000099', 'pass_inst_99'),
(100, 'U Kyaw', 'Thu', 'Ra', 6, 'kyawthura@ucsy.edu.mm', '092000100', 'pass_inst_100');

-- Inserting Courses
INSERT INTO Courses (course_id, term_id, department_id, course_name, course_description, start_date, end_date) VALUES
-- Faculty of Computer Science (Dept 1)
(101, 1, 1, 'CS-101', 'Introduction to Computing', '2025-01-01', '2025-05-30'),
(201, 2, 1, 'CS-201', 'Data Structures and Algorithms', '2025-06-01', '2025-11-30'),
(301, 3, 1, 'CS-301', 'Operating Systems', '2026-01-01', '2026-05-30'),
(401, 4, 1, 'CS-401', 'Software Engineering', '2026-06-01', '2026-11-30'),
(501, 5, 1, 'CS-501', 'Artificial Intelligence', '2027-01-01', '2027-05-30'),
(601, 6, 1, 'CS-601', 'Machine Learning', '2027-06-01', '2027-11-30'),

-- Faculty of Computer Systems and Technologies (Dept 2)
(102, 1, 2, 'CST-102', 'Digital Logic Design', '2025-01-01', '2025-05-30'),
(202, 2, 2, 'CST-202', 'Computer Architecture', '2025-06-01', '2025-11-30'),
(302, 3, 2, 'CST-302', 'Microprocessors', '2026-01-01', '2026-05-30'),
(402, 4, 2, 'CST-402', 'Embedded Systems', '2026-06-01', '2026-11-30'),
(502, 5, 2, 'CST-502', 'VLSI Design', '2027-01-01', '2027-05-30'),
(602, 6, 2, 'CST-602', 'Robotics', '2027-06-01', '2027-11-30'),

-- Faculty of Information Science (Dept 3)
(103, 1, 3, 'IS-103', 'Database Management Systems', '2025-01-01', '2025-05-30'),
(203, 2, 3, 'IS-203', 'Information Theory', '2025-06-01', '2025-11-30'),
(303, 3, 3, 'IS-303', 'Data Mining', '2026-01-01', '2026-05-30'),
(403, 4, 3, 'IS-403', 'Big Data Analytics', '2026-06-01', '2026-11-30'),
(503, 5, 3, 'IS-503', 'Knowledge Management', '2027-01-01', '2027-05-30'),
(603, 6, 3, 'IS-603', 'Information Retrieval', '2027-06-01', '2027-11-30'),

-- Faculty of Computing (Dept 4)
(104, 1, 4, 'FC-104', 'Cloud Computing', '2025-01-01', '2025-05-30'),
(204, 2, 4, 'FC-204', 'Parallel Computing', '2025-06-01', '2025-11-30'),
(304, 3, 4, 'FC-304', 'Distributed Systems', '2026-01-01', '2026-05-30'),
(404, 4, 4, 'FC-404', 'Network Security', '2026-06-01', '2026-11-30'),
(504, 5, 4, 'FC-504', 'Cyber Forensics', '2027-01-01', '2027-05-30'),
(604, 6, 4, 'FC-604', 'Blockchain Tech', '2027-06-01', '2027-11-30'),

-- Department of English (Dept 5)
(105, 1, 5, 'ENG-105', 'Functional English I', '2025-01-01', '2025-05-30'),
(205, 2, 5, 'ENG-205', 'Functional English II', '2025-06-01', '2025-11-30'),
(305, 3, 5, 'ENG-305', 'Technical Writing', '2026-01-01', '2026-05-30'),
(405, 4, 5, 'ENG-405', 'Business Communication', '2026-06-01', '2026-11-30'),
(505, 5, 5, 'ENG-505', 'Public Speaking', '2027-01-01', '2027-05-30'),
(605, 6, 5, 'ENG-605', 'English Literature', '2027-06-01', '2027-11-30'),

-- Department of Myanmar (Dept 6)
(106, 1, 6, 'MYA-106', 'Myanmar Culture I', '2025-01-01', '2025-05-30'),
(206, 2, 6, 'MYA-206', 'Myanmar Language I', '2025-06-01', '2025-11-30'),
(306, 3, 6, 'MYA-306', 'Myanmar Language II', '2026-01-01', '2026-05-30'),
(406, 4, 6, 'MYA-406', 'Ancient Literature', '2026-06-01', '2026-11-30'),
(506, 5, 6, 'MYA-506', 'Modern Literature', '2027-01-01', '2027-05-30'),
(606, 6, 6, 'MYA-606', 'Myanmar History', '2027-06-01', '2027-11-30'),

-- Department of Natural Science (Dept 7)
(107, 1, 7, 'NS-107', 'Physics I', '2025-01-01', '2025-05-30'),
(207, 2, 7, 'NS-207', 'Calculus I', '2025-06-01', '2025-11-30'),
(307, 3, 7, 'NS-307', 'Calculus II', '2026-01-01', '2026-05-30'),
(407, 4, 7, 'NS-407', 'Discrete Mathematics', '2026-06-01', '2026-11-30'),
(507, 5, 7, 'NS-507', 'Linear Algebra', '2027-01-01', '2027-05-30'),
(607, 6, 7, 'NS-607', 'Statistics', '2027-06-01', '2027-11-30'),

-- Dept of IT Supporting and Maintenance (Dept 8)
(108, 1, 8, 'ITS-108', 'Hardware Maintenance', '2025-01-01', '2025-05-30'),
(208, 2, 8, 'ITS-208', 'Server Administration', '2025-06-01', '2025-11-30'),
(308, 3, 8, 'ITS-308', 'Network Troubleshooting', '2026-01-01', '2026-05-30'),
(408, 4, 8, 'ITS-408', 'IT Security Management', '2026-06-01', '2026-11-30'),
(508, 5, 8, 'ITS-508', 'Virtualization', '2027-01-01', '2027-05-30'),
(608, 6, 8, 'ITS-608', 'Cloud Infrastructure', '2027-06-01', '2027-11-30'),

-- Department of International Relation (Dept 9)
(109, 1, 9, 'IR-109', 'International Laws', '2025-01-01', '2025-05-30'),
(209, 2, 9, 'IR-209', 'Global Politics', '2025-06-01', '2025-11-30'),
(309, 3, 9, 'IR-309', 'Human Rights', '2026-01-01', '2026-05-30'),
(409, 4, 9, 'IR-409', 'Diplomacy', '2026-06-01', '2026-11-30'),
(509, 5, 9, 'IR-509', 'Conflict Resolution', '2027-01-01', '2027-05-30'),
(609, 6, 9, 'IR-609', 'Environmental Policy', '2027-06-01', '2027-11-30'),

-- Department of Research and Development (Dept 10)
(110, 1, 10, 'RD-110', 'Research Methodology', '2025-01-01', '2025-05-30'),
(210, 2, 10, 'RD-210', 'Scientific Writing', '2025-06-01', '2025-11-30'),
(310, 3, 10, 'RD-310', 'Data Ethics', '2026-01-01', '2026-05-30'),
(410, 4, 10, 'RD-410', 'Innovation Management', '2026-06-01', '2026-11-30'),
(510, 5, 10, 'RD-510', 'Patent Law', '2027-01-01', '2027-05-30'),
(610, 6, 10, 'RD-610', 'Grant Proposal Writing', '2027-06-01', '2027-11-30');

-- Inserting Lectures
INSERT INTO Lectures (lecture_id, term_id, course_id, instructor_id, section_id, lecture_name, lecture_description) VALUES
(1, 1, 101, 1, 1, 'Intro to CS - Theory', 'Fundamental concepts of computing and logic.'),
(2, 2, 201, 3, 2, 'Data Structures - Lab', 'Practical implementation of stacks, queues, and trees.'),
(3, 3, 301, 13, 3, 'OS Concepts', 'Deep dive into kernel management and threads.'),
(4, 4, 401, 7, 4, 'Software Design Patterns', 'Advanced architecture and design patterns.'),
(5, 5, 501, 15, 5, 'AI Principles', 'Introduction to heuristic search and neural nets.'),
(6, 6, 601, 11, 6, 'Applied Machine Learning', 'Supervised and unsupervised learning models.'),
(7, 1, 102, 23, 7, 'Digital Logic - Bascis', 'Logic gates and boolean algebra.'),
(8, 2, 202, 27, 8, 'Computer Org - Architecture', 'Instruction set architecture and pipeline design.'),
(9, 3, 302, 33, 9, 'Microprocessor Interfacing', 'Hardware interfacing and assembly language.'),
(10, 4, 402, 35, 10, 'Embedded Systems Programming', 'Real-time operating systems and C development.'),
(11, 5, 502, 43, 11, 'VLSI Layout', 'Integrated circuit design and verification.'),
(12, 6, 602, 45, 12, 'Robotic Kinematics', 'Mathematical modeling of robotic arms.'),
(13, 1, 103, 5, 13, 'SQL and RDBMS', 'Relational database theory and practice.'),
(14, 2, 203, 17, 14, 'Info Theory - Entropy', 'Measuring information and data compression.'),
(15, 3, 303, 25, 15, 'Data Mining Techniques', 'Clustering and classification algorithms.'),
(16, 4, 403, 37, 16, 'Hadoop Ecosystem', 'Big data processing with Hadoop and Spark.'),
(17, 5, 503, 49, 17, 'Ontology and Semantics', 'Knowledge representation in information systems.'),
(18, 6, 603, 53, 18, 'Search Engine Tech', 'Crawling, indexing, and ranking algorithms.'),
(19, 1, 104, 21, 19, 'Cloud Fundamentals', 'AWS and Azure cloud architecture.'),
(20, 2, 204, 31, 20, 'Parallel Programming', 'MPI and OpenMP implementation.'),
(21, 3, 304, 41, 21, 'Distributed Ledger', 'Decentralized systems and consensus.'),
(22, 4, 404, 51, 22, 'Network Defense', 'Firewalls, IDS, and perimeter security.'),
(23, 5, 504, 61, 23, 'Digital Forensics', 'Evidence collection and file system analysis.'),
(24, 6, 604, 63, 24, 'Blockchain Protocols', 'Smart contracts and Ethereum development.'),
(25, 1, 105, 2, 25, 'English Grammar I', 'Basics of functional grammar.'),
(26, 2, 205, 12, 26, 'English Grammar II', 'Complex sentence structures.'),
(27, 3, 305, 22, 27, 'Tech Writing Basics', 'Documentation and manual writing.'),
(28, 4, 405, 32, 28, 'Corp Communications', 'Professional email and report ethics.'),
(29, 5, 505, 42, 29, 'Public Speaking Lab', 'Overcoming stage fright and delivery.'),
(30, 6, 605, 52, 30, 'Classic Literature', 'Analysis of historical English texts.'),
(31, 1, 106, 6, 31, 'Myanmar Culture I', 'Historical overview of Myanmar traditions.'),
(32, 2, 206, 14, 32, 'Myanmar Language I', 'Phonetics and writing systems.'),
(33, 3, 306, 24, 33, 'Myanmar Language II', 'Syntax and advanced linguistics.'),
(34, 4, 406, 34, 34, 'Ancient Manuscripts', 'Study of palm leaf inscriptions.'),
(35, 5, 506, 44, 35, 'Modern Short Stories', 'Post-colonial Myanmar literature.'),
(36, 6, 606, 54, 36, 'Myanmar History', 'Pre-colonial through modern eras.'),
(37, 1, 107, 8, 37, 'Physics - Mechanics', 'Newtonian laws and motion.'),
(38, 2, 207, 18, 38, 'Calculus - Limits', 'Functions, limits, and continuity.'),
(39, 3, 307, 28, 39, 'Calculus - Integration', 'Definite and indefinite integrals.'),
(40, 4, 407, 38, 40, 'Discrete Structures', 'Sets, graphs, and logic proofs.'),
(41, 5, 507, 48, 41, 'Matrix Algebra', 'Eigenvalues and vector spaces.'),
(42, 6, 607, 58, 42, 'Probability Theory', 'Random variables and distributions.'),
(43, 1, 108, 4, 43, 'Hardware Repair', 'Motherboard and peripheral maintenance.'),
(44, 2, 208, 16, 44, 'Windows Server Admin', 'Active Directory and group policies.'),
(45, 3, 308, 26, 45, 'Network Wiring', 'Physical layer troubleshooting and cabling.'),
(46, 4, 408, 36, 46, 'IT Risk Management', 'Assessing infrastructure vulnerabilities.'),
(47, 5, 508, 46, 47, 'VMware & Hyper-V', 'Server virtualization and snapshots.'),
(48, 6, 608, 56, 48, 'Cloud Support', 'Providing IT helpdesk in cloud environments.'),
(49, 1, 109, 9, 49, 'Intro to IR', 'Theories of international relations.'),
(50, 2, 209, 19, 50, 'Political Systems', 'Comparative analysis of governments.'),
(51, 3, 309, 29, 51, 'International Law', 'Treaties and sovereignty concepts.'),
(52, 4, 409, 39, 52, 'Diplomatic Practice', 'Negotiation and protocol skills.'),
(53, 5, 509, 59, 53, 'Peace Studies', 'Conflict resolution and mediation.'),
(54, 6, 609, 69, 54, 'Climate Policy', 'Global environmental agreements.'),
(55, 1, 110, 10, 55, 'Research Ethics', 'Plagiarism and citation standards.'),
(56, 2, 210, 20, 56, 'Scientific Proposals', 'Writing funding-ready grant proposals.'),
(57, 3, 310, 30, 57, 'Data Integrity', 'Ensuring accuracy in research data.'),
(58, 4, 410, 40, 58, 'Innovation Cycles', 'Product life cycle and R&D strategies.'),
(59, 5, 510, 50, 59, 'IP and Patents', 'Intellectual property law basics.'),
(60, 6, 610, 60, 60, 'Thesis Preparation', 'Structuring a final year dissertation.');


-- Inserting Classes
INSERT INTO Classes (class_id, lecture_id, room_id, class_date, start_time, end_time) VALUES
-- Building A (CS & CST Lectures)
(1, 1, 1, '2026-03-02', '2026-03-02 09:00:00', '2026-03-02 11:00:00'),
(2, 2, 2, '2026-03-02', '2026-03-02 09:00:00', '2026-03-02 11:00:00'),
(3, 3, 6, '2026-03-02', '2026-03-02 13:00:00', '2026-03-02 15:00:00'),
(4, 4, 7, '2026-03-02', '2026-03-02 13:00:00', '2026-03-02 15:00:00'),
(5, 5, 3, '2026-03-03', '2026-03-03 09:00:00', '2026-03-03 11:00:00'),
(6, 6, 8, '2026-03-03', '2026-03-03 13:00:00', '2026-03-03 15:00:00'),
(7, 7, 4, '2026-03-04', '2026-03-04 09:00:00', '2026-03-04 11:00:00'),
(8, 8, 9, '2026-03-04', '2026-03-04 13:00:00', '2026-03-04 15:00:00'),
(9, 9, 5, '2026-03-05', '2026-03-05 09:00:00', '2026-03-05 11:00:00'),
(10, 10, 10, '2026-03-05', '2026-03-05 13:00:00', '2026-03-05 15:00:00'),

-- Building B (Information Science)
(11, 11, 11, '2026-03-02', '2026-03-02 10:00:00', '2026-03-02 12:00:00'),
(12, 12, 12, '2026-03-02', '2026-03-02 14:00:00', '2026-03-02 16:00:00'),
(13, 13, 16, '2026-03-03', '2026-03-03 10:00:00', '2026-03-03 12:00:00'),
(14, 14, 17, '2026-03-03', '2026-03-03 14:00:00', '2026-03-03 16:00:00'),
(15, 15, 13, '2026-03-04', '2026-03-04 10:00:00', '2026-03-04 12:00:00'),
(16, 16, 18, '2026-03-04', '2026-03-04 14:00:00', '2026-03-04 16:00:00'),

-- Building C (Computing & English)
(17, 17, 21, '2026-03-02', '2026-03-02 08:30:00', '2026-03-02 10:30:00'),
(18, 18, 26, '2026-03-02', '2026-03-02 13:30:00', '2026-03-02 15:30:00'),
(19, 19, 22, '2026-03-03', '2026-03-03 08:30:00', '2026-03-03 10:30:00'),
(20, 20, 27, '2026-03-03', '2026-03-03 13:30:00', '2026-03-03 15:30:00'),
(21, 21, 23, '2026-03-04', '2026-03-04 08:30:00', '2026-03-04 10:30:00'),
(22, 22, 28, '2026-03-04', '2026-03-04 13:30:00', '2026-03-04 15:30:00'),
(23, 23, 24, '2026-03-05', '2026-03-05 08:30:00', '2026-03-05 10:30:00'),
(24, 24, 29, '2026-03-05', '2026-03-05 13:30:00', '2026-03-05 15:30:00'),
(25, 25, 25, '2026-03-02', '2026-03-02 09:00:00', '2026-03-02 11:00:00'),
(26, 26, 30, '2026-03-02', '2026-03-02 11:00:00', '2026-03-02 13:00:00'),

-- Building D (Myanmar & Natural Science)
(27, 27, 31, '2026-03-03', '2026-03-03 09:00:00', '2026-03-03 11:00:00'),
(28, 28, 36, '2026-03-03', '2026-03-03 13:00:00', '2026-03-03 15:00:00'),
(29, 29, 32, '2026-03-04', '2026-03-04 09:00:00', '2026-03-04 11:00:00'),
(30, 30, 37, '2026-03-04', '2026-03-04 13:00:00', '2026-03-04 15:00:00'),
(31, 31, 33, '2026-03-05', '2026-03-05 09:00:00', '2026-03-05 11:00:00'),
(32, 32, 38, '2026-03-05', '2026-03-05 13:00:00', '2026-03-05 15:00:00'),
(33, 33, 34, '2026-03-06', '2026-03-06 09:00:00', '2026-03-06 11:00:00'),
(34, 34, 39, '2026-03-06', '2026-03-06 13:00:00', '2026-03-06 15:00:00'),
(35, 35, 35, '2026-03-02', '2026-03-02 10:00:00', '2026-03-02 12:00:00'),
(36, 36, 40, '2026-03-02', '2026-03-02 14:00:00', '2026-03-02 16:00:00'),

-- Building E (IT Support & Maintenance)
(37, 37, 41, '2026-03-03', '2026-03-03 08:00:00', '2026-03-03 10:00:00'),
(38, 38, 46, '2026-03-03', '2026-03-03 10:00:00', '2026-03-03 12:00:00'),
(39, 39, 42, '2026-03-04', '2026-03-04 08:00:00', '2026-03-04 10:00:00'),
(40, 40, 47, '2026-03-04', '2026-03-04 10:00:00', '2026-03-04 12:00:00'),
(41, 41, 43, '2026-03-05', '2026-03-05 08:00:00', '2026-03-05 10:00:00'),
(42, 42, 48, '2026-03-05', '2026-03-05 10:00:00', '2026-03-05 12:00:00'),
(43, 43, 44, '2026-03-06', '2026-03-06 08:00:00', '2026-03-06 10:00:00'),
(44, 44, 49, '2026-03-06', '2026-03-06 10:00:00', '2026-03-06 12:00:00'),
(45, 45, 45, '2026-03-02', '2026-03-02 11:00:00', '2026-03-02 13:00:00'),
(46, 46, 50, '2026-03-02', '2026-03-02 13:00:00', '2026-03-02 15:00:00'),

-- Building F & Ext (International Relations & R&D)
(47, 47, 56, '2026-03-03', '2026-03-03 09:30:00', '2026-03-03 11:30:00'),
(48, 48, 61, '2026-03-03', '2026-03-03 13:30:00', '2026-03-03 15:30:00'),
(49, 49, 57, '2026-03-04', '2026-03-04 09:30:00', '2026-03-04 11:30:00'),
(50, 50, 62, '2026-03-04', '2026-03-04 13:30:00', '2026-03-04 15:30:00'),
(51, 51, 58, '2026-03-05', '2026-03-05 09:30:00', '2026-03-05 11:30:00'),
(52, 52, 63, '2026-03-05', '2026-03-05 13:30:00', '2026-03-05 15:30:00'),
(53, 53, 59, '2026-03-06', '2026-03-06 09:30:00', '2026-03-06 11:30:00'),
(54, 54, 64, '2026-03-06', '2026-03-06 13:30:00', '2026-03-06 15:30:00'),
(55, 55, 71, '2026-03-02', '2026-03-02 10:00:00', '2026-03-02 12:00:00'),
(56, 56, 76, '2026-03-02', '2026-03-02 14:00:00', '2026-03-02 16:00:00'),
(57, 57, 72, '2026-03-03', '2026-03-03 10:00:00', '2026-03-03 12:00:00'),
(58, 58, 77, '2026-03-03', '2026-03-03 14:00:00', '2026-03-03 16:00:00'),
(59, 59, 73, '2026-03-04', '2026-03-04 10:00:00', '2026-03-04 12:00:00'),
(60, 60, 78, '2026-03-04', '2026-03-04 14:00:00', '2026-03-04 16:00:00');

-- Inserting Enrollments
INSERT INTO Enrollments (enrollment_id, ykpt, term_id, course_id, enrolled_at, completion_status) VALUES
(1, 23000, 1, 101, '2026-01-05 09:00:00', 'Completed'),
(2, 23001, 3, 301, '2026-01-05 09:15:00', 'In Progress'),
(3, 23002, 5, 501, '2026-01-05 09:30:00', 'Not Started'),
(4, 23003, 2, 201, '2026-01-05 09:45:00', 'Completed'),
(5, 23004, 8, 401, '2026-01-05 10:00:00', 'In Progress'),
(6, 23005, 4, 402, '2026-01-05 10:15:00', 'Not Started'),
(7, 23006, 10, 610, '2026-01-05 10:30:00', 'Completed'),
(8, 23007, 7, 307, '2026-01-05 10:45:00', 'In Progress'),
(9, 23008, 1, 103, '2026-01-05 11:00:00', 'Not Started'),
(10, 23009, 6, 601, '2026-01-05 11:15:00', 'Completed'),
(11, 23010, 9, 509, '2026-01-05 11:30:00', 'In Progress'),
(12, 23011, 2, 202, '2026-01-05 11:45:00', 'Not Started'),
(13, 23012, 5, 502, '2026-01-06 09:00:00', 'Completed'),
(14, 23013, 3, 303, '2026-01-06 09:15:00', 'In Progress'),
(15, 23014, 4, 404, '2026-01-06 09:30:00', 'Not Started'),
(16, 23015, 8, 408, '2026-01-06 09:45:00', 'Completed'),
(17, 23016, 10, 610, '2026-01-06 10:00:00', 'In Progress'),
(18, 23017, 1, 107, '2026-01-06 10:15:00', 'Not Started'),
(19, 23018, 6, 603, '2026-01-06 10:30:00', 'Completed'),
(20, 23019, 9, 409, '2026-01-06 10:45:00', 'In Progress'),
(21, 23020, 2, 205, '2026-01-06 11:00:00', 'Not Started'),
(22, 23021, 7, 607, '2026-01-06 11:15:00', 'Completed'),
(23, 23022, 5, 507, '2026-01-06 11:30:00', 'In Progress'),
(24, 23023, 3, 305, '2026-01-06 11:45:00', 'Not Started'),
(25, 23024, 1, 109, '2026-01-07 09:00:00', 'Completed'),
(26, 23025, 4, 410, '2026-01-07 09:15:00', 'In Progress'),
(27, 23026, 8, 508, '2026-01-07 09:30:00', 'Not Started'),
(28, 23027, 2, 207, '2026-01-07 09:45:00', 'Completed'),
(29, 23028, 9, 609, '2026-01-07 10:00:00', 'In Progress'),
(30, 23029, 6, 606, '2026-01-07 10:15:00', 'Not Started'),
(31, 23030, 3, 310, '2026-01-07 10:30:00', 'Completed'),
(32, 23031, 10, 610, '2026-01-07 10:45:00', 'In Progress'),
(33, 23032, 5, 510, '2026-01-07 11:00:00', 'Not Started'),
(34, 23033, 7, 607, '2026-01-07 11:15:00', 'Completed'),
(35, 23034, 1, 101, '2026-01-08 09:00:00', 'In Progress'),
(36, 23035, 4, 401, '2026-01-08 09:15:00', 'Not Started'),
(37, 23036, 8, 408, '2026-01-08 09:30:00', 'Completed'),
(38, 23037, 2, 206, '2026-01-08 09:45:00', 'In Progress'),
(39, 23038, 9, 509, '2026-01-08 10:00:00', 'Not Started'),
(40, 23039, 6, 606, '2026-01-08 10:15:00', 'Completed'),
(41, 23040, 3, 303, '2026-01-08 10:30:00', 'In Progress'),
(42, 23041, 10, 610, '2026-01-08 10:45:00', 'Not Started'),
(43, 23042, 5, 503, '2026-01-08 11:00:00', 'Completed'),
(44, 23043, 7, 607, '2026-01-08 11:15:00', 'In Progress'),
(45, 23044, 1, 105, '2026-01-09 09:00:00', 'Not Started'),
(46, 23045, 4, 404, '2026-01-09 09:15:00', 'Completed'),
(47, 23046, 8, 508, '2026-01-09 09:30:00', 'In Progress'),
(48, 23047, 2, 205, '2026-01-09 09:45:00', 'Not Started'),
(49, 23048, 9, 609, '2026-01-09 10:00:00', 'Completed'),
(50, 23049, 6, 606, '2026-01-09 10:15:00', 'In Progress'),
(51, 23050, 3, 305, '2026-01-09 10:30:00', 'Not Started'),
(52, 23051, 10, 610, '2026-01-09 10:45:00', 'Completed'),
(53, 23052, 5, 505, '2026-01-09 11:00:00', 'In Progress'),
(54, 23053, 7, 407, '2026-01-09 11:15:00', 'Not Started'),
(55, 23054, 1, 107, '2026-01-10 09:00:00', 'Completed'),
(56, 23055, 4, 407, '2026-01-10 09:15:00', 'In Progress'),
(57, 23056, 8, 308, '2026-01-10 09:30:00', 'Not Started'),
(58, 23057, 2, 207, '2026-01-10 09:45:00', 'Completed'),
(59, 23058, 9, 509, '2026-01-10 10:00:00', 'In Progress'),
(60, 23059, 6, 607, '2026-01-10 10:15:00', 'Not Started'),
(61, 23060, 3, 307, '2026-01-10 10:30:00', 'Completed'),
(62, 23061, 10, 610, '2026-01-10 10:45:00', 'In Progress'),
(63, 23062, 5, 507, '2026-01-10 11:00:00', 'Not Started'),
(64, 23063, 7, 607, '2026-01-10 11:15:00', 'Completed'),
(65, 23064, 1, 108, '2026-01-11 09:00:00', 'In Progress'),
(66, 23065, 4, 408, '2026-01-11 09:15:00', 'Not Started'),
(67, 23066, 8, 208, '2026-01-11 09:30:00', 'Completed'),
(68, 23067, 2, 208, '2026-01-11 09:45:00', 'In Progress'),
(69, 23068, 9, 308, '2026-01-11 10:00:00', 'Not Started'),
(70, 23069, 6, 608, '2026-01-11 10:15:00', 'Completed'),
(71, 23070, 3, 308, '2026-01-11 10:30:00', 'In Progress'),
(72, 23071, 10, 608, '2026-01-11 10:45:00', 'Not Started'),
(73, 23072, 5, 508, '2026-01-11 11:00:00', 'Completed'),
(74, 23073, 7, 109, '2026-01-11 11:15:00', 'In Progress'),
(75, 23074, 1, 109, '2026-01-12 09:00:00', 'Not Started'),
(76, 23075, 4, 209, '2026-01-12 09:15:00', 'Completed'),
(77, 23076, 8, 309, '2026-01-12 09:30:00', 'In Progress'),
(78, 23077, 2, 409, '2026-01-12 09:45:00', 'Not Started'),
(79, 23078, 9, 509, '2026-01-12 10:00:00', 'Completed'),
(80, 23079, 6, 609, '2026-01-12 10:15:00', 'In Progress'),
(81, 23080, 3, 110, '2026-01-12 10:30:00', 'Not Started'),
(82, 23081, 10, 210, '2026-01-12 10:45:00', 'Completed'),
(83, 23082, 5, 310, '2026-01-12 11:00:00', 'In Progress'),
(84, 23083, 7, 410, '2026-01-12 11:15:00', 'Not Started'),
(85, 23084, 1, 510, '2026-01-13 09:00:00', 'Completed'),
(86, 23085, 4, 610, '2026-01-13 09:15:00', 'In Progress'),
(87, 23086, 8, 101, '2026-01-13 09:30:00', 'Not Started'),
(88, 23087, 2, 102, '2026-01-13 09:45:00', 'Completed'),
(89, 23088, 9, 103, '2026-01-13 10:00:00', 'In Progress'),
(90, 23089, 6, 104, '2026-01-13 10:15:00', 'Not Started'),
(91, 23090, 3, 105, '2026-01-13 10:30:00', 'Completed'),
(92, 23091, 10, 106, '2026-01-13 10:45:00', 'In Progress'),
(93, 23092, 5, 107, '2026-01-13 11:00:00', 'Not Started'),
(94, 23093, 7, 108, '2026-01-13 11:15:00', 'Completed'),
(95, 23094, 1, 109, '2026-01-14 09:00:00', 'In Progress'),
(96, 23095, 4, 110, '2026-01-14 09:15:00', 'Not Started'),
(97, 23096, 8, 201, '2026-01-14 09:30:00', 'Completed'),
(98, 23097, 2, 202, '2026-01-14 09:45:00', 'In Progress'),
(99, 23098, 9, 203, '2026-01-14 10:00:00', 'Not Started'),
(100, 23099, 6, 204, '2026-01-14 10:15:00', 'Completed'),
(101, 23100, 3, 205, '2026-01-14 10:30:00', 'In Progress'),
(102, 23101, 10, 206, '2026-01-14 10:45:00', 'Not Started'),
(103, 23102, 5, 207, '2026-01-14 11:00:00', 'Completed'),
(104, 23103, 7, 208, '2026-01-14 11:15:00', 'In Progress'),
(105, 23104, 1, 209, '2026-01-15 09:00:00', 'Not Started'),
(106, 23105, 4, 210, '2026-01-15 09:15:00', 'Completed'),
(107, 23106, 8, 301, '2026-01-15 09:30:00', 'In Progress'),
(108, 23107, 2, 302, '2026-01-15 09:45:00', 'Not Started'),
(109, 23108, 9, 303, '2026-01-15 10:00:00', 'Completed'),
(110, 23109, 6, 304, '2026-01-15 10:15:00', 'In Progress'),
(111, 23110, 3, 305, '2026-01-15 10:30:00', 'Not Started'),
(112, 23111, 10, 306, '2026-01-15 10:45:00', 'Completed');

-- Inserting Assessments
INSERT INTO Assessments (assessment_id, course_id, assessment_type, assessment_name, assessment_description, due_date, assessment_score, completion_status) VALUES
(1, 101, 'Quiz', 'CS-101 Quiz 1', 'Basic logic and binary systems.', '2026-03-15 23:59:59', 20, 'Completed'),
(2, 301, 'Assignment', 'OS Resource Report', 'Report on CPU scheduling.', '2026-04-10 17:00:00', 50, 'In Progress'),
(3, 501, 'Tutorial', 'AI Search Tutorial', 'Heuristic search exercises.', '2026-03-20 12:00:00', 10, 'Not Started'),
(4, 201, 'Lab Test', 'DS Array Lab', 'Sorting algorithm implementation.', '2026-03-25 15:00:00', 30, 'Completed'),
(5, 401, 'Other Test', 'Mid-term Review', 'Comprehensive theory review.', '2026-05-01 09:00:00', 100, 'In Progress'),
(6, 402, 'Assignment', 'Embedded C Project', 'Blinking LED with timers.', '2026-04-12 23:59:00', 40, 'Not Started'),
(7, 610, 'Other Test', 'Thesis Proposal', 'Formal defense of topic.', '2026-02-28 10:00:00', 100, 'Completed'),
(8, 307, 'Tutorial', 'Integration Drill', 'Advanced calculus problems.', '2026-03-18 16:00:00', 20, 'In Progress'),
(9, 103, 'Quiz', 'SQL Syntax Quiz', 'SELECT and JOIN statements.', '2026-03-22 14:00:00', 15, 'Not Started'),
(10, 601, 'Lab Test', 'K-Means Lab', 'Clustering implementation.', '2026-04-05 13:00:00', 25, 'Completed'),
(11, 509, 'Assignment', 'Conflict Analysis', 'Case study on IR theories.', '2026-04-15 23:59:59', 50, 'In Progress'),
(12, 202, 'Quiz', 'Arch Basics', 'CPU cache and memory levels.', '2026-03-10 10:00:00', 20, 'Not Started'),
(13, 502, 'Lab Test', 'VLSI Simulation', 'Circuit layout simulation.', '2026-03-28 16:00:00', 40, 'Completed'),
(14, 303, 'Tutorial', 'Mining Basics', 'Association rule exercises.', '2026-03-15 11:00:00', 20, 'In Progress'),
(15, 404, 'Assignment', 'Network Audit', 'Security vulnerability scan.', '2026-04-20 23:59:00', 60, 'Not Started'),
(16, 408, 'Other Test', 'Risk Assessment', 'Infrastructure risk planning.', '2026-03-05 09:00:00', 100, 'Completed'),
(17, 610, 'Assignment', 'Lit Review', 'Review of 10 research papers.', '2026-04-30 17:00:00', 50, 'In Progress'),
(18, 107, 'Quiz', 'Kinematics Quiz', 'Equations of motion.', '2026-03-12 08:00:00', 20, 'Not Started'),
(19, 603, 'Lab Test', 'Indexing Lab', 'Inverted index implementation.', '2026-03-15 14:00:00', 30, 'Completed'),
(20, 409, 'Tutorial', 'Protocol Tutorial', 'Diplomatic etiquette simulation.', '2026-03-25 10:00:00', 10, 'In Progress'),
(21, 205, 'Quiz', 'Grammar Quiz 2', 'Tense consistency.', '2026-03-14 11:00:00', 15, 'Not Started'),
(22, 607, 'Other Test', 'Stats Final', 'Hypothesis testing module.', '2026-02-20 09:00:00', 100, 'Completed'),
(23, 507, 'Tutorial', 'Vector Space', 'Linear algebra proof drill.', '2026-03-30 15:00:00', 20, 'In Progress'),
(24, 305, 'Assignment', 'User Manual', 'Writing a manual for a tool.', '2026-04-18 23:59:00', 40, 'Not Started'),
(25, 109, 'Quiz', 'IR Theories', 'Realism vs Liberalism.', '2026-03-05 10:00:00', 20, 'Completed'),
(26, 410, 'Lab Test', 'Innovation Lab', 'Product cycle simulation.', '2026-04-10 14:00:00', 30, 'In Progress'),
(27, 508, 'Assignment', 'VM Config', 'Virtual machine clustering.', '2026-04-22 23:59:00', 50, 'Not Started'),
(28, 207, 'Other Test', 'Mid-Calc', 'Integrals and derivatives.', '2026-02-15 09:00:00', 100, 'Completed'),
(29, 609, 'Tutorial', 'Policy Review', 'Kyoto protocol summary.', '2026-03-12 11:00:00', 20, 'In Progress'),
(30, 606, 'Quiz', 'History Quiz', 'Konbaung Dynasty facts.', '2026-03-20 08:30:00', 20, 'Not Started'),
(31, 310, 'Assignment', 'Ethics Paper', 'Case study on data privacy.', '2026-04-12 23:59:00', 50, 'Completed'),
(32, 610, 'Lab Test', 'Thesis Lab', 'Initial data collection run.', '2026-03-10 14:00:00', 30, 'In Progress'),
(33, 510, 'Tutorial', 'Patent Search', 'How to use patent databases.', '2026-03-25 10:00:00', 20, 'Not Started'),
(34, 607, 'Other Test', 'Probability Exam', 'Distributions and random vars.', '2026-02-28 09:00:00', 100, 'Completed'),
(35, 101, 'Quiz', 'Computing History', 'Evolution of hardware.', '2026-03-18 10:00:00', 10, 'In Progress'),
(36, 401, 'Assignment', 'Design Docs', 'UML diagrams for project.', '2026-04-05 17:00:00', 40, 'Not Started'),
(37, 408, 'Lab Test', 'Vulnerability Lab', 'Scanning network ports.', '2026-03-22 13:00:00', 30, 'Completed'),
(38, 206, 'Tutorial', 'Grammar Drill', 'Sentence structure practice.', '2026-03-15 09:00:00', 20, 'In Progress'),
(39, 509, 'Quiz', 'Peace Theory', 'Mediation techniques.', '2026-03-30 11:00:00', 20, 'Not Started'),
(40, 606, 'Other Test', 'Modern Myanmar', 'Post-independence history.', '2026-02-25 09:00:00', 100, 'Completed'),
(41, 303, 'Assignment', 'Decision Trees', 'ID3 algorithm implementation.', '2026-04-14 23:59:00', 50, 'In Progress'),
(42, 610, 'Tutorial', 'Citation Style', 'APA and IEEE formatting.', '2026-03-10 15:00:00', 10, 'Not Started'),
(43, 503, 'Lab Test', 'Ontology Lab', 'Creating a domain model.', '2026-03-28 10:00:00', 40, 'Completed'),
(44, 607, 'Quiz', 'Stats Quiz 2', 'Sampling distributions.', '2026-03-14 09:00:00', 15, 'In Progress'),
(45, 105, 'Assignment', 'Essay Writing', 'Functional English essay.', '2026-04-10 23:59:00', 40, 'Not Started'),
(46, 404, 'Other Test', 'Network Defense', 'Firewall configuration exam.', '2026-02-15 13:00:00', 100, 'Completed'),
(47, 508, 'Tutorial', 'Hyper-V Setup', 'Virtual switch config.', '2026-03-22 11:00:00', 20, 'In Progress'),
(48, 205, 'Quiz', 'Business English', 'Professional terminology.', '2026-03-05 14:00:00', 20, 'Not Started'),
(49, 609, 'Lab Test', 'Policy Simulation', 'Carbon credit trading.', '2026-03-18 13:00:00', 30, 'Completed'),
(50, 606, 'Assignment', 'Literary Analysis', 'Modern poetry review.', '2026-04-20 23:59:00', 50, 'In Progress'),
(51, 305, 'Quiz', 'Doc Standards', 'Technical writing ethics.', '2026-03-12 10:00:00', 15, 'Not Started'),
(52, 610, 'Other Test', 'Final Defense', 'Thesis final presentation.', '2026-05-30 09:00:00', 200, 'Completed'),
(53, 505, 'Tutorial', 'Speech Delivery', 'Body language exercises.', '2026-03-25 15:00:00', 20, 'In Progress'),
(54, 407, 'Assignment', 'Graph Theory', 'Shortest path problems.', '2026-04-12 17:00:00', 40, 'Not Started'),
(55, 107, 'Lab Test', 'Optics Lab', 'Refraction experiments.', '2026-03-05 13:00:00', 25, 'Completed'),
(56, 407, 'Quiz', 'Logic Quiz', 'Predicate calculus.', '2026-03-18 09:00:00', 20, 'In Progress'),
(57, 308, 'Tutorial', 'Cat6 Cabling', 'Physical wiring drill.', '2026-03-25 11:00:00', 10, 'Not Started'),
(58, 207, 'Other Test', 'Calc II Final', 'Multivariable calculus.', '2026-02-28 13:00:00', 100, 'Completed'),
(59, 509, 'Assignment', 'Diplomatic Case', 'Negotiation strategy.', '2026-04-15 23:59:00', 50, 'In Progress'),
(60, 607, 'Quiz', 'Regression Quiz', 'Linear regression models.', '2026-03-10 10:00:00', 20, 'Not Started'),
(61, 307, 'Lab Test', 'MATLAB Lab', 'Integral approximations.', '2026-03-22 15:00:00', 30, 'Completed'),
(62, 610, 'Tutorial', 'LaTeX Tutorial', 'Writing thesis in LaTeX.', '2026-03-15 09:00:00', 20, 'In Progress'),
(63, 507, 'Assignment', 'SVD Analysis', 'Singular value decomp.', '2026-04-18 17:00:00', 40, 'Not Started'),
(64, 607, 'Other Test', 'Final Stats', 'Comprehensive exam.', '2026-02-10 09:00:00', 100, 'Completed'),
(65, 108, 'Quiz', 'A+ Basics', 'PC component identification.', '2026-03-05 14:00:00', 20, 'In Progress'),
(66, 408, 'Assignment', 'Security Plan', 'Disaster recovery doc.', '2026-04-22 23:59:00', 60, 'Not Started'),
(67, 208, 'Lab Test', 'Linux Admin', 'User permissions lab.', '2026-03-15 13:00:00', 30, 'Completed'),
(68, 208, 'Tutorial', 'Cron Jobs', 'Automation in Linux.', '2026-03-25 10:00:00', 10, 'In Progress'),
(69, 308, 'Quiz', 'Routing Quiz', 'Static vs Dynamic routes.', '2026-03-08 09:00:00', 20, 'Not Started'),
(70, 608, 'Other Test', 'Cloud Exam', 'Architecture and cost.', '2026-02-20 14:00:00', 100, 'Completed'),
(71, 308, 'Assignment', 'Network Design', 'Office LAN diagram.', '2026-04-10 17:00:00', 50, 'In Progress'),
(72, 608, 'Tutorial', 'S3 Config', 'Object storage buckets.', '2026-03-15 11:00:00', 20, 'Not Started'),
(73, 508, 'Lab Test', 'ESXi Install', 'Server-side virtualization.', '2026-03-28 13:00:00', 40, 'Completed'),
(74, 109, 'Quiz', 'UN History', 'Founding and structure.', '2026-03-10 10:00:00', 15, 'In Progress'),
(75, 109, 'Assignment', 'Global Actors', 'Role of NGOs.', '2026-04-05 23:59:00', 40, 'Not Started'),
(76, 209, 'Other Test', 'Geopolitics', 'Regional power balance.', '2026-02-18 09:00:00', 100, 'Completed'),
(77, 309, 'Tutorial', 'Treaty Law', 'Vienna Convention.', '2026-03-15 15:00:00', 20, 'In Progress'),
(78, 409, 'Quiz', 'Consular Quiz', 'Visa and legal assist.', '2026-03-22 13:00:00', 20, 'Not Started'),
(79, 509, 'Lab Test', 'Crisis Simulation', 'Conflict resolution.', '2026-03-25 14:00:00', 30, 'Completed'),
(80, 609, 'Assignment', 'Green Energy', 'Policy on renewables.', '2026-04-12 23:59:00', 50, 'In Progress'),
(81, 110, 'Quiz', 'Methods Quiz', 'Qualitative vs Quant.', '2026-03-08 10:00:00', 15, 'Not Started'),
(82, 210, 'Other Test', 'Grant Writing', 'Drafting a proposal.', '2026-02-28 09:00:00', 100, 'Completed'),
(83, 310, 'Tutorial', 'Anonymization', 'Data masking techniques.', '2026-03-15 11:00:00', 20, 'In Progress'),
(84, 410, 'Assignment', 'Innovation Map', 'Technology roadmapping.', '2026-04-20 17:00:00', 50, 'Not Started'),
(85, 510, 'Lab Test', 'Trademark Lab', 'Filing simulation.', '2026-03-22 13:00:00', 40, 'Completed'),
(86, 610, 'Quiz', 'Thesis Status', 'Update on Chapter 1.', '2026-03-10 10:00:00', 10, 'In Progress'),
(87, 101, 'Assignment', 'Python Basics', 'Simple script writing.', '2026-04-05 23:59:00', 30, 'Not Started'),
(88, 102, 'Other Test', 'Gates & Logic', 'Boolean circuit exam.', '2026-02-12 13:00:00', 100, 'Completed'),
(89, 103, 'Tutorial', 'Normalization', '1NF to BCNF practice.', '2026-03-15 15:00:00', 20, 'In Progress'),
(90, 104, 'Quiz', 'Cloud Layers', 'IaaS, PaaS, SaaS.', '2026-03-22 09:00:00', 20, 'Not Started'),
(91, 105, 'Lab Test', 'Phonetics Lab', 'Pronunciation testing.', '2026-03-28 14:00:00', 30, 'Completed'),
(92, 106, 'Assignment', 'Dynasty Essay', 'Bagan era history.', '2026-04-10 23:59:00', 50, 'In Progress'),
(93, 107, 'Quiz', 'Gravity Quiz', 'Universal gravitation.', '2026-03-05 10:00:00', 15, 'Not Started'),
(94, 108, 'Other Test', 'A+ Certification', 'Comprehensive final.', '2026-02-28 09:00:00', 100, 'Completed'),
(95, 109, 'Tutorial', 'Globalism', 'Effects of globalization.', '2026-03-15 11:00:00', 20, 'In Progress'),
(96, 110, 'Assignment', 'Ethical Case', 'Plagiarism analysis.', '2026-04-05 17:00:00', 40, 'Not Started'),
(97, 201, 'Lab Test', 'Recursion Lab', 'Tree traversal logic.', '2026-03-22 13:00:00', 30, 'Completed'),
(98, 202, 'Quiz', 'Assembly Quiz', 'Registers and stack.', '2026-03-08 10:00:00', 20, 'In Progress'),
(99, 203, 'Tutorial', 'Coding Theory', 'Hamming distance.', '2026-03-15 15:00:00', 20, 'Not Started'),
(100, 204, 'Assignment', 'Thread Sync', 'Mutex and semaphores.', '2026-04-12 23:59:00', 50, 'Completed'),
(101, 205, 'Other Test', 'Vocab Final', 'Advanced English vocab.', '2026-02-20 09:00:00', 100, 'In Progress'),
(102, 206, 'Quiz', 'Myanmar Script', 'Evolution of Pali.', '2026-03-10 13:00:00', 20, 'Not Started'),
(103, 207, 'Lab Test', 'Limit Lab', 'Approximation graphs.', '2026-03-25 15:00:00', 30, 'Completed'),
(104, 208, 'Assignment', 'AD Design', 'Domain forest structure.', '2026-04-18 23:59:00', 50, 'In Progress'),
(105, 209, 'Tutorial', 'Trade Policy', 'Tariffs and sanctions.', '2026-03-15 11:00:00', 20, 'Not Started'),
(106, 210, 'Other Test', 'R&D Methods', 'Scientific discovery.', '2026-02-28 14:00:00', 100, 'Completed'),
(107, 301, 'Quiz', 'Kernel Quiz', 'Syscalls and traps.', '2026-03-05 09:00:00', 20, 'In Progress'),
(108, 302, 'Assignment', '8085 Project', '8-bit microcontroller.', '2026-04-10 23:59:00', 50, 'Not Started'),
(109, 303, 'Lab Test', 'Naive Bayes', 'Email spam filter.', '2026-03-20 13:00:00', 30, 'Completed'),
(110, 304, 'Tutorial', 'P2P Network', 'BitTorrent protocols.', '2026-03-25 15:00:00', 20, 'In Progress'),
(111, 305, 'Assignment', 'Style Guide', 'Consistency in docs.', '2026-04-05 17:00:00', 40, 'Not Started'),
(112, 306, 'Quiz', 'Dialects', 'Regional variations.', '2026-03-01 10:00:00', 20, 'Completed');

-- Inserting Announcements
INSERT INTO Announcements (announcement_id, course_id, instructor_id, announcement_description, announced_at) VALUES
(1, 101, 1, 'Welcome to CS-101. Please download the syllabus and logic gate simulator.', '2026-02-15 09:00:00'),
(2, 201, 3, 'Data Structures: Lab 1 instructions are now available on the portal.', '2026-02-15 10:30:00'),
(3, 301, 13, 'Operating Systems: The mid-term project deadline has been shifted to May.', '2026-02-16 11:00:00'),
(4, 401, 7, 'Software Engineering: Please form your project groups by next Friday.', '2026-02-16 14:00:00'),
(5, 501, 15, 'AI: Guest lecture on Neural Networks will be held this Wednesday.', '2026-02-17 08:30:00'),
(6, 601, 11, 'ML: Dataset for the classification assignment is uploaded in CSV format.', '2026-02-17 10:00:00'),
(7, 102, 23, 'CST-102: Bring your breadboards for the digital logic lab session.', '2026-02-18 09:15:00'),
(8, 202, 27, 'Architecture: Quiz 1 results are now posted in the student portal.', '2026-02-18 13:45:00'),
(9, 302, 33, 'Microprocessors: Assembly code examples for 8085 are updated.', '2026-02-19 09:00:00'),
(10, 402, 35, 'Embedded: Firmware library documentation is available for download.', '2026-02-19 11:30:00'),
(11, 502, 43, 'VLSI: Simulation software licenses have been renewed for all students.', '2026-02-20 10:00:00'),
(12, 602, 45, 'Robotics: Final project must involve a kinematic simulation model.', '2026-02-20 15:00:00'),
(13, 103, 5, 'IS-103: The database server will be down for maintenance this Saturday.', '2026-02-21 08:00:00'),
(14, 203, 17, 'Info Theory: Reading materials for Entropy chapter are in the library.', '2026-02-21 14:00:00'),
(15, 303, 25, 'Data Mining: Reminder to submit your clustering algorithm proposals.', '2026-02-22 09:30:00'),
(16, 403, 37, 'Big Data: Hadoop cluster access credentials sent via edu-mail.', '2026-02-22 13:00:00'),
(17, 503, 49, 'Knowledge Mgmt: Ontology lab session rescheduled to Thursday.', '2026-02-23 09:00:00'),
(18, 603, 53, 'Info Retrieval: Indexing assignment is due by end of the week.', '2026-02-23 11:00:00'),
(19, 104, 21, 'Cloud: AWS free tier account setup guide is posted in Resources.', '2026-02-15 08:00:00'),
(20, 204, 31, 'Parallel: OpenMP environment setup instructions are online.', '2026-02-15 12:00:00'),
(21, 304, 41, 'Dist. Systems: Tutorial on Paxos consensus will be held tomorrow.', '2026-02-16 10:00:00'),
(22, 404, 51, 'Network Security: Lab test 1 will cover firewall configuration.', '2026-02-16 16:00:00'),
(23, 504, 61, 'Forensics: Mobile forensics tools are ready in the specialized lab.', '2026-02-17 09:00:00'),
(24, 604, 63, 'Blockchain: Smart contract deployment video uploaded to Youtube.', '2026-02-17 14:00:00'),
(25, 105, 2, 'English: Functional grammar worksheets are due next Monday.', '2026-02-18 08:00:00'),
(26, 205, 12, 'English II: Speech topics for next week are pinned to the board.', '2026-02-18 10:00:00'),
(27, 305, 22, 'Tech Writing: Sample documentation styles are in the Supplement.', '2026-02-19 13:00:00'),
(28, 405, 32, 'Business Comm: Corporate letter format guide is now available.', '2026-02-19 15:00:00'),
(29, 505, 42, 'Public Speaking: Class relocated to the assembly hall for rehearsals.', '2026-02-20 09:00:00'),
(30, 605, 52, 'Lit: Shakespearean analysis reading list is finalized.', '2026-02-20 11:00:00'),
(31, 106, 6, 'Myanmar: Please bring the Myanmar Culture textbook for next class.', '2026-02-21 09:00:00'),
(32, 206, 14, 'Language: Pali-Myanmar translation exercise results are out.', '2026-02-21 11:00:00'),
(33, 306, 24, 'Language II: Phonetic charts for regional dialects are available.', '2026-02-22 10:00:00'),
(34, 406, 34, 'Ancient Lit: Palm leaf manuscript reading session in the museum.', '2026-02-22 14:00:00'),
(35, 506, 44, 'Modern Lit: Short story analysis draft is due next Wednesday.', '2026-02-23 08:30:00'),
(36, 606, 54, 'History: Late submission for the Bagan era essay will be penalized.', '2026-02-23 15:00:00'),
(37, 107, 8, 'Physics: Lab safety instructions must be signed before experiments.', '2026-02-15 09:30:00'),
(38, 207, 18, 'Calculus: Practice problems for Limits are in the TextBook section.', '2026-02-16 10:15:00'),
(39, 307, 28, 'Calculus II: Mid-term exam covers everything up to Integrals.', '2026-02-17 11:45:00'),
(40, 407, 38, 'Discrete Math: Tutorial on Logic Proofs will be in Room D-204.', '2026-02-18 13:00:00'),
(41, 507, 48, 'Linear Algebra: Eigenvalues workshop scheduled for Friday.', '2026-02-19 09:00:00'),
(42, 607, 58, 'Stats: Distribution tables for the quiz are provided in PDF.', '2026-02-20 14:20:00'),
(43, 108, 4, 'Hardware: Toolkits for motherboard repair are ready for collection.', '2026-02-21 10:00:00'),
(44, 208, 16, 'Server Admin: Windows Server 2022 ISO is available on LAN.', '2026-02-22 12:00:00'),
(45, 308, 26, 'Network Troubleshooting: Practical exam date set for next month.', '2026-02-23 11:00:00'),
(46, 408, 36, 'IT Security: Vulnerability assessment report template is online.', '2026-02-24 08:00:00'),
(47, 508, 46, 'Virtualization: Snapshots lab tutorial video is now uploaded.', '2026-02-24 10:00:00'),
(48, 608, 56, 'Cloud Infra: Case study on Azure deployment is mandatory reading.', '2026-02-24 13:00:00'),
(49, 109, 9, 'IR Laws: Please read the UN Charter introduction for next lecture.', '2026-02-15 11:00:00'),
(50, 209, 19, 'Global Politics: Debate session on sovereignty is this Friday.', '2026-02-16 09:00:00'),
(51, 309, 29, 'Human Rights: Document on international treaties is in Resources.', '2026-02-17 10:30:00'),
(52, 409, 39, 'Diplomacy: Protocol handbook for students is now ready.', '2026-02-18 12:00:00'),
(53, 509, 59, 'Conflict Res: Mediation roleplay scripts are assigned by name.', '2026-02-19 14:00:00'),
(54, 609, 69, 'Env Policy: Kyoto protocol analysis report due next month.', '2026-02-20 08:00:00'),
(55, 110, 10, 'Research: Plagiarism check training in Extension Room 1.', '2026-02-21 09:00:00'),
(56, 210, 20, 'Scientific Writing: Grant proposal draft due for peer review.', '2026-02-22 10:30:00'),
(57, 310, 30, 'Data Ethics: Anonymization lab exercises are now active.', '2026-02-23 11:45:00'),
(58, 410, 40, 'Innovation: Tech Roadmap template is in the Supplement folder.', '2026-02-24 09:00:00'),
(59, 510, 50, 'Patent Law: Case studies on copyright infringement are uploaded.', '2026-02-24 11:15:00'),
(60, 610, 60, 'Grant Writing: Final year thesis templates are now in TextBooks.', '2026-02-24 14:00:00'); 


-- Inserting Attendances
INSERT INTO Attendance (attendance_id, ykpt, class_id, time_arrived, time_left) VALUES
(1, 23000, 1, '2026-03-02 08:55:10', '2026-03-02 11:02:45'),
(2, 23001, 2, '2026-03-02 09:10:05', '2026-03-02 11:05:00'),
(3, 23002, 13, '2026-03-03 10:02:45', '2026-03-03 12:01:20'),
(4, 23003, 4, '2026-03-02 13:05:22', '2026-03-02 15:02:18'),
(5, 23004, 5, '2026-03-03 08:58:10', '2026-03-03 11:00:40'),
(6, 23005, 10, '2026-03-05 13:01:45', '2026-03-05 14:59:20'),
(7, 23006, 56, '2026-03-02 14:05:12', '2026-03-02 16:03:10'),
(8, 23007, 14, '2026-03-03 14:02:15', '2026-03-03 16:00:30'),
(9, 23008, 1, '2026-03-02 09:02:15', '2026-03-02 10:58:30'),
(10, 23009, 6, '2026-03-03 13:05:55', '2026-03-03 15:00:30'),
(11, 23010, 51, '2026-03-05 09:35:12', '2026-03-05 11:32:18'),
(12, 23011, 8, '2026-03-04 13:01:10', '2026-03-04 14:59:50'),
(13, 23012, 11, '2026-03-02 10:05:10', '2026-03-02 12:02:40'),
(14, 23013, 13, '2026-03-03 10:00:12', '2026-03-03 12:03:15'),
(15, 23014, 21, '2026-03-04 08:35:10', '2026-03-04 10:32:45'),
(16, 23015, 38, '2026-03-03 10:08:15', '2026-03-03 11:58:30'),
(17, 23016, 56, '2026-03-02 13:58:30', '2026-03-02 16:00:05'),
(18, 23017, 1, '2026-03-02 08:50:00', '2026-03-02 11:05:12'),
(19, 23018, 35, '2026-03-02 10:05:55', '2026-03-02 12:00:30'),
(20, 23019, 44, '2026-03-06 10:02:12', '2026-03-06 12:03:15'),
(21, 23020, 19, '2026-03-03 08:35:10', '2026-03-03 10:32:45'),
(22, 23021, 52, '2026-03-05 13:38:15', '2026-03-05 15:30:30'),
(23, 23022, 11, '2026-03-02 09:58:30', '2026-03-02 11:59:50'),
(24, 23023, 13, '2026-03-03 10:05:12', '2026-03-03 12:03:15'),
(25, 23024, 49, '2026-03-03 09:35:10', '2026-03-03 11:32:45'),
(26, 23025, 20, '2026-03-03 13:38:15', '2026-03-03 15:30:30'),
(27, 23026, 40, '2026-03-04 10:00:00', '2026-03-04 12:05:12'),
(28, 23027, 28, '2026-03-03 13:01:45', '2026-03-03 14:59:20'),
(29, 23028, 54, '2026-03-06 13:35:55', '2026-03-06 15:30:30'),
(30, 23029, 36, '2026-03-02 14:02:15', '2026-03-02 16:00:30'),
(31, 23030, 13, '2026-03-03 10:05:12', '2026-03-03 12:03:15'),
(32, 23031, 56, '2026-03-02 14:05:45', '2026-03-02 16:03:10'),
(33, 23032, 11, '2026-03-02 10:00:00', '2026-03-02 12:05:12'),
(34, 23033, 52, '2026-03-05 13:38:15', '2026-03-05 15:30:30'),
(35, 23034, 1, '2026-03-02 08:58:30', '2026-03-02 11:00:05'),
(36, 23035, 1, '2026-03-02 09:10:05', '2026-03-02 11:05:00'),
(37, 23036, 38, '2026-03-03 10:08:15', '2026-03-03 11:58:30'),
(38, 23037, 27, '2026-03-03 09:05:10', '2026-03-03 11:02:45'),
(39, 23038, 51, '2026-03-05 09:35:12', '2026-03-05 11:32:18'),
(40, 23039, 36, '2026-03-02 14:02:15', '2026-03-02 16:00:30'),
(41, 23040, 13, '2026-03-03 10:05:12', '2026-03-03 12:03:15'),
(42, 23041, 56, '2026-03-02 14:05:45', '2026-03-02 16:03:10'),
(43, 23042, 15, '2026-03-04 10:05:10', '2026-03-04 12:02:40'),
(44, 23043, 52, '2026-03-05 13:38:15', '2026-03-05 15:30:30'),
(45, 23044, 25, '2026-03-02 08:55:12', '2026-03-02 11:02:18'),
(46, 23045, 22, '2026-03-04 13:35:10', '2026-03-04 15:32:45'),
(47, 23046, 40, '2026-03-04 14:00:00', '2026-03-04 16:05:12'),
(48, 23047, 19, '2026-03-03 08:35:10', '2026-03-03 10:32:45'),
(49, 23048, 54, '2026-03-06 13:35:55', '2026-03-06 15:30:30'),
(50, 23049, 36, '2026-03-02 14:02:15', '2026-03-02 16:00:30'),
(51, 23050, 23, '2026-03-04 08:35:10', '2026-03-04 10:32:45'),
(52, 23051, 56, '2026-03-02 14:05:45', '2026-03-02 16:03:10'),
(53, 23052, 29, '2026-03-04 09:05:10', '2026-03-04 11:02:45'),
(54, 23053, 31, '2026-03-03 09:05:10', '2026-03-03 11:02:45'),
(55, 23054, 33, '2026-03-05 09:05:10', '2026-03-05 11:02:45'),
(56, 23055, 31, '2026-03-03 09:05:10', '2026-03-03 11:02:45'),
(57, 23056, 45, '2026-03-02 11:05:10', '2026-03-02 13:02:45'),
(58, 23057, 27, '2026-03-03 09:05:10', '2026-03-03 11:02:45'),
(59, 23058, 51, '2026-03-05 09:35:12', '2026-03-05 11:32:18'),
(60, 23059, 31, '2026-03-03 09:05:10', '2026-03-03 11:02:45'),
(61, 23060, 27, '2026-03-03 09:05:10', '2026-03-03 11:02:45'),
(62, 23061, 56, '2026-03-02 14:05:45', '2026-03-02 16:03:10'),
(63, 23062, 19, '2026-03-03 08:35:10', '2026-03-03 10:32:45'),
(64, 23063, 31, '2026-03-03 09:05:10', '2026-03-03 11:02:45'),
(65, 23064, 43, '2026-03-06 08:05:10', '2026-03-06 10:02:45'),
(66, 23065, 38, '2026-03-03 10:08:15', '2026-03-03 11:58:30'),
(67, 23066, 38, '2026-03-03 10:08:15', '2026-03-03 11:58:30'),
(68, 23067, 38, '2026-03-03 10:08:15', '2026-03-03 11:58:30'),
(69, 23068, 43, '2026-03-06 08:05:10', '2026-03-06 10:02:45'),
(70, 23069, 46, '2026-03-02 13:05:10', '2026-03-02 15:02:45'),
(71, 23070, 43, '2026-03-06 08:05:10', '2026-03-06 10:02:45'),
(72, 23071, 46, '2026-03-02 13:05:10', '2026-03-02 15:02:45'),
(73, 23072, 45, '2026-03-02 11:05:10', '2026-03-02 13:02:45'),
(74, 23073, 49, '2026-03-03 09:35:10', '2026-03-03 11:32:45'),
(75, 23074, 49, '2026-03-03 09:35:10', '2026-03-03 11:32:45'),
(76, 23075, 50, '2026-03-03 13:35:10', '2026-03-03 15:32:45'),
(77, 23076, 51, '2026-03-05 09:35:12', '2026-03-05 11:32:18'),
(78, 23077, 52, '2026-03-05 13:38:15', '2026-03-05 15:30:30'),
(79, 23078, 51, '2026-03-05 09:35:12', '2026-03-05 11:32:18'),
(80, 23079, 54, '2026-03-06 13:35:55', '2026-03-06 15:30:30'),
(81, 23080, 55, '2026-03-02 10:05:10', '2026-03-02 12:02:45'),
(82, 23081, 56, '2026-03-02 14:05:45', '2026-03-02 16:03:10'),
(83, 23082, 57, '2026-03-03 10:05:10', '2026-03-03 12:02:45'),
(84, 23083, 58, '2026-03-03 14:05:10', '2026-03-03 16:02:45'),
(85, 23084, 59, '2026-03-04 10:05:10', '2026-03-04 12:02:45'),
(86, 23085, 56, '2026-03-02 14:05:45', '2026-03-02 16:03:10'),
(87, 23086, 1, '2026-03-02 08:58:30', '2026-03-02 11:00:05'),
(88, 23087, 7, '2026-03-04 09:05:10', '2026-03-04 11:02:45'),
(89, 23088, 13, '2026-03-03 10:05:12', '2026-03-03 12:03:15'),
(90, 23089, 19, '2026-03-03 08:35:10', '2026-03-03 10:32:45'),
(91, 23090, 25, '2026-03-02 08:55:12', '2026-03-02 11:02:18'),
(92, 23091, 56, '2026-03-02 14:05:45', '2026-03-02 16:03:10'),
(93, 23092, 35, '2026-03-02 10:05:55', '2026-03-02 12:00:30'),
(94, 23093, 43, '2026-03-06 08:05:10', '2026-03-06 10:02:45'),
(95, 23094, 49, '2026-03-03 09:35:10', '2026-03-03 11:32:45'),
(96, 23095, 55, '2026-03-02 10:05:10', '2026-03-02 12:02:45'),
(97, 23096, 2, '2026-03-02 09:10:05', '2026-03-02 11:05:00'),
(98, 23097, 8, '2026-03-04 13:01:10', '2026-03-04 14:59:50'),
(99, 23098, 14, '2026-03-03 14:02:15', '2026-03-03 16:00:30'),
(100, 23099, 20, '2026-03-03 13:38:15', '2026-03-03 15:30:30'),
(101, 23100, 26, '2026-03-02 13:35:10', '2026-03-02 15:32:45'),
(102, 23101, 56, '2026-03-02 14:05:45', '2026-03-02 16:03:10'),
(103, 23102, 29, '2026-03-04 09:05:10', '2026-03-04 11:02:45'),
(104, 23103, 38, '2026-03-03 10:08:15', '2026-03-03 11:58:30'),
(105, 23104, 49, '2026-03-03 09:35:10', '2026-03-03 11:32:45'),
(106, 23105, 56, '2026-03-02 14:05:45', '2026-03-02 16:03:10'),
(107, 23106, 3, '2026-03-02 13:00:10', '2026-03-02 15:02:45'),
(108, 23107, 9, '2026-03-04 13:00:10', '2026-03-04 15:02:45'),
(109, 23108, 13, '2026-03-03 10:05:12', '2026-03-03 12:03:15'),
(110, 23109, 20, '2026-03-03 13:38:15', '2026-03-03 15:30:30'),
(111, 23110, 27, '2026-03-03 09:05:10', '2026-03-03 11:02:45'),
(112, 23111, 33, '2026-03-05 09:05:10', '2026-03-05 11:02:45');


-- Inserting Resources
INSERT INTO Resources (resource_id, course_id, resource_type, url, uploaded_time) VALUES
(1, 101, 'TextBook', 'https://moodle.ucsy.edu.mm/files/cs101/intro_computing.pdf', '2026-02-01 09:00:00'),
(2, 201, 'Slides', 'https://moodle.ucsy.edu.mm/files/cs201/data_structures_lecture1.pptx', '2026-02-01 10:30:00'),
(3, 301, 'Video', 'https://moodle.ucsy.edu.mm/vids/cs301/kernel_architecture.mp4', '2026-02-02 11:00:00'),
(4, 401, 'Supplement', 'https://moodle.ucsy.edu.mm/files/cs401/design_patterns_handout.pdf', '2026-02-02 14:00:00'),
(5, 501, 'TextBook', 'https://moodle.ucsy.edu.mm/files/cs501/ai_modern_approach.pdf', '2026-02-03 08:30:00'),
(6, 601, 'Others', 'https://moodle.ucsy.edu.mm/datasets/cs601/classification_data.csv', '2026-02-03 10:00:00'),
(7, 102, 'Slides', 'https://moodle.ucsy.edu.mm/files/cst102/digital_logic_intro.pptx', '2026-02-04 09:15:00'),
(8, 202, 'Video', 'https://moodle.ucsy.edu.mm/vids/cst202/pipeline_execution.mp4', '2026-02-04 13:45:00'),
(9, 302, 'TextBook', 'https://moodle.ucsy.edu.mm/files/cst302/8085_manual.pdf', '2026-02-05 09:00:00'),
(10, 402, 'Supplement', 'https://moodle.ucsy.edu.mm/files/cst402/rtos_guide.pdf', '2026-02-05 11:30:00'),
(11, 502, 'Others', 'https://moodle.ucsy.edu.mm/tools/cst502/vlsi_simulator.zip', '2026-02-06 10:00:00'),
(12, 602, 'Video', 'https://moodle.ucsy.edu.mm/vids/cst602/robot_kinematics_demo.mp4', '2026-02-06 15:00:00'),
(13, 103, 'TextBook', 'https://moodle.ucsy.edu.mm/files/is103/dbms_fundamentals.pdf', '2026-02-07 08:00:00'),
(14, 203, 'Slides', 'https://moodle.ucsy.edu.mm/files/is203/information_entropy.pptx', '2026-02-07 14:00:00'),
(15, 303, 'Supplement', 'https://moodle.ucsy.edu.mm/files/is303/mining_algorithms.pdf', '2026-02-08 09:30:00'),
(16, 403, 'Video', 'https://moodle.ucsy.edu.mm/vids/is403/hadoop_setup_guide.mp4', '2026-02-08 13:00:00'),
(17, 503, 'TextBook', 'https://moodle.ucsy.edu.mm/files/is503/knowledge_mgmt_v2.pdf', '2026-02-09 09:00:00'),
(18, 603, 'Others', 'https://moodle.ucsy.edu.mm/files/is603/search_index_sample.json', '2026-02-09 11:00:00'),
(19, 104, 'Slides', 'https://moodle.ucsy.edu.mm/files/fc104/cloud_intro.pptx', '2026-02-01 08:00:00'),
(20, 204, 'Video', 'https://moodle.ucsy.edu.mm/vids/fc204/parallel_threads.mp4', '2026-02-01 12:00:00'),
(21, 304, 'Supplement', 'https://moodle.ucsy.edu.mm/files/fc304/distributed_consensus.pdf', '2026-02-02 10:00:00'),
(22, 404, 'TextBook', 'https://moodle.ucsy.edu.mm/files/fc404/network_security_essentials.pdf', '2026-02-02 16:00:00'),
(23, 504, 'Others', 'https://moodle.ucsy.edu.mm/tools/fc504/forensic_toolkit.zip', '2026-02-03 09:00:00'),
(24, 604, 'Video', 'https://moodle.ucsy.edu.mm/vids/fc604/blockchain_smart_contracts.mp4', '2026-02-03 14:00:00'),
(25, 105, 'TextBook', 'https://moodle.ucsy.edu.mm/files/eng105/functional_grammar.pdf', '2026-02-04 08:00:00'),
(26, 205, 'Slides', 'https://moodle.ucsy.edu.mm/files/eng205/advanced_vocabulary.pptx', '2026-02-04 10:00:00'),
(27, 305, 'Supplement', 'https://moodle.ucsy.edu.mm/files/eng305/technical_writing_styles.pdf', '2026-02-05 13:00:00'),
(28, 405, 'Video', 'https://moodle.ucsy.edu.mm/vids/eng405/business_etiquette.mp4', '2026-02-05 15:00:00'),
(29, 505, 'Others', 'https://moodle.ucsy.edu.mm/files/eng505/speech_rubric.pdf', '2026-02-06 09:00:00'),
(30, 605, 'TextBook', 'https://moodle.ucsy.edu.mm/files/eng605/shakespeare_anthology.pdf', '2026-02-06 11:00:00'),
(31, 106, 'TextBook', 'https://moodle.ucsy.edu.mm/files/mya106/myanmar_culture_vol1.pdf', '2026-02-07 09:00:00'),
(32, 206, 'Slides', 'https://moodle.ucsy.edu.mm/files/mya206/myanmar_phonetics.pptx', '2026-02-07 11:00:00'),
(33, 306, 'Supplement', 'https://moodle.ucsy.edu.mm/files/mya306/dialect_variations.pdf', '2026-02-08 10:00:00'),
(34, 406, 'Video', 'https://moodle.ucsy.edu.mm/vids/mya406/manuscript_preservation.mp4', '2026-02-08 14:00:00'),
(35, 506, 'TextBook', 'https://moodle.ucsy.edu.mm/files/mya506/modern_myanmar_lit.pdf', '2026-02-09 08:30:00'),
(36, 606, 'Others', 'https://moodle.ucsy.edu.mm/files/mya606/historical_timeline_map.jpg', '2026-02-09 15:00:00'),
(37, 107, 'TextBook', 'https://moodle.ucsy.edu.mm/files/ns107/university_physics.pdf', '2026-02-01 09:30:00'),
(38, 207, 'Video', 'https://moodle.ucsy.edu.mm/vids/ns207/calculus_limits_explained.mp4', '2026-02-02 10:15:00'),
(39, 307, 'Slides', 'https://moodle.ucsy.edu.mm/files/ns307/integral_calculus_ch3.pptx', '2026-02-03 11:45:00'),
(40, 407, 'Supplement', 'https://moodle.ucsy.edu.mm/files/ns407/discrete_math_problems.pdf', '2026-02-04 13:00:00'),
(41, 507, 'TextBook', 'https://moodle.ucsy.edu.mm/files/ns507/linear_algebra_done_right.pdf', '2026-02-05 09:00:00'),
(42, 607, 'Others', 'https://moodle.ucsy.edu.mm/files/ns607/statistical_tables.pdf', '2026-02-06 14:20:00'),
(43, 108, 'Video', 'https://moodle.ucsy.edu.mm/vids/its108/motherboard_disassembly.mp4', '2026-02-07 10:00:00'),
(44, 208, 'Slides', 'https://moodle.ucsy.edu.mm/files/its208/windows_server_config.pptx', '2026-02-08 12:00:00'),
(45, 308, 'Supplement', 'https://moodle.ucsy.edu.mm/files/its308/cat6_wiring_guide.pdf', '2026-02-09 11:00:00'),
(46, 408, 'TextBook', 'https://moodle.ucsy.edu.mm/files/its408/cybersecurity_frameworks.pdf', '2026-02-10 08:00:00'),
(47, 508, 'Video', 'https://moodle.ucsy.edu.mm/vids/its508/virtualization_demo.mp4', '2026-02-10 10:00:00'),
(48, 608, 'Others', 'https://moodle.ucsy.edu.mm/files/its608/cloud_migration_checklist.xlsx', '2026-02-10 13:00:00'),
(49, 109, 'TextBook', 'https://moodle.ucsy.edu.mm/files/ir109/intl_relations_theories.pdf', '2026-02-01 11:00:00'),
(50, 209, 'Slides', 'https://moodle.ucsy.edu.mm/files/ir209/political_ideologies.pptx', '2026-02-02 09:00:00'),
(51, 309, 'Supplement', 'https://moodle.ucsy.edu.mm/files/ir309/un_charter_full.pdf', '2026-02-03 10:30:00'),
(52, 409, 'Video', 'https://moodle.ucsy.edu.mm/vids/ir409/diplomatic_negotiations.mp4', '2026-02-04 12:00:00'),
(53, 509, 'TextBook', 'https://moodle.ucsy.edu.mm/files/ir509/conflict_resolution_strategies.pdf', '2026-02-05 14:00:00'),
(54, 609, 'Others', 'https://moodle.ucsy.edu.mm/files/ir609/kyoto_protocol_summary.pdf', '2026-02-06 08:00:00'),
(55, 110, 'TextBook', 'https://moodle.ucsy.edu.mm/files/rd110/research_methodology.pdf', '2026-02-07 09:00:00'),
(56, 210, 'Slides', 'https://moodle.ucsy.edu.mm/files/rd210/scientific_writing_tips.pptx', '2026-02-08 10:30:00'),
(57, 310, 'Video', 'https://moodle.ucsy.edu.mm/vids/rd310/data_ethics_overview.mp4', '2026-02-09 11:45:00'),
(58, 410, 'Supplement', 'https://moodle.ucsy.edu.mm/files/rd410/innovation_lifecycle.pdf', '2026-02-10 09:00:00'),
(59, 510, 'TextBook', 'https://moodle.ucsy.edu.mm/files/rd510/patent_law_basics.pdf', '2026-02-10 11:15:00'),
(60, 610, 'Others', 'https://moodle.ucsy.edu.mm/files/rd610/thesis_template.docx', '2026-02-10 14:00:00');

-- Inserting Grades
INSERT INTO Grades (grade_id, ykpt, assessment_id, earned_score, feedback, graded_at) VALUES
(1, 23000, 1, 18, 'Excellent logic skills demonstrated.', '2026-02-16 10:00:00'),
(2, 23001, 2, 42, 'Good report, but needs more detail on CPU cycles.', '2026-02-16 11:15:00'),
(3, 23002, 3, 8, 'Tutorial completed with minor errors.', '2026-02-16 12:30:00'),
(4, 23003, 4, 25, 'Sorting implementation is efficient.', '2026-02-16 14:00:00'),
(5, 23004, 5, 85, 'Solid understanding of software engineering principles.', '2026-02-17 09:00:00'),
(6, 23005, 6, 30, 'Embedded project logic is sound.', '2026-02-17 10:15:00'),
(7, 23006, 7, 95, 'Outstanding thesis proposal defense.', '2026-02-17 11:30:00'),
(8, 23007, 8, 15, 'Needs more practice with complex integrals.', '2026-02-17 13:00:00'),
(9, 23008, 9, 12, 'Quiz passed. Review JOIN syntax.', '2026-02-17 14:15:00'),
(10, 23009, 10, 22, 'Clustering algorithm worked perfectly.', '2026-02-18 09:00:00'),
(11, 23010, 11, 40, 'Deep analysis of international conflict.', '2026-02-18 10:30:00'),
(12, 23011, 12, 17, 'Good grasp of memory architecture.', '2026-02-18 11:45:00'),
(13, 23012, 13, 36, 'VLSI layout is clean and optimized.', '2026-02-18 13:00:00'),
(14, 23013, 14, 14, 'Keep working on association rule mining.', '2026-02-19 09:00:00'),
(15, 23014, 15, 45, 'Vulnerability scan was comprehensive.', '2026-02-19 10:30:00'),
(16, 23015, 16, 88, 'Strong risk assessment planning.', '2026-02-19 12:00:00'),
(17, 23016, 17, 44, 'Literature review is well-cited.', '2026-02-19 14:00:00'),
(18, 23017, 18, 16, 'Kinematics formulas applied correctly.', '2026-02-20 09:00:00'),
(19, 23018, 19, 27, 'Inverted index implementation is fast.', '2026-02-20 10:15:00'),
(20, 23019, 20, 9, 'Diplomatic protocol simulation was accurate.', '2026-02-20 11:30:00'),
(21, 23020, 21, 13, 'Grammar quiz passed.', '2026-02-20 13:00:00'),
(22, 23021, 22, 92, 'Excellent final exam performance.', '2026-02-20 14:30:00'),
(23, 23022, 23, 18, 'Vector space proofs are clear.', '2026-02-21 09:00:00'),
(24, 23023, 24, 32, 'User manual is easy to follow.', '2026-02-21 10:30:00'),
(25, 23024, 25, 19, 'Strong understanding of IR theories.', '2026-02-21 12:00:00'),
(26, 23025, 26, 26, 'Innovation cycle simulation successful.', '2026-02-21 14:00:00'),
(27, 23026, 27, 41, 'VM clustering config is stable.', '2026-02-22 09:00:00'),
(28, 23027, 28, 82, 'Solid mid-term calculus score.', '2026-02-22 10:30:00'),
(29, 23028, 29, 17, 'Good summary of Kyoto protocol.', '2026-02-22 12:00:00'),
(30, 23029, 30, 18, 'Myanmar history facts are accurate.', '2026-02-22 14:00:00'),
(31, 23030, 31, 45, 'Great case study on data privacy.', '2026-02-23 09:00:00'),
(32, 23031, 32, 24, 'Thesis data collection is on track.', '2026-02-23 10:15:00'),
(33, 23032, 33, 16, 'Patent search tutorial completed.', '2026-02-23 11:30:00'),
(34, 23033, 34, 89, 'Probability exam was well-handled.', '2026-02-23 13:00:00'),
(35, 23034, 35, 9, 'Good effort on hardware history.', '2026-02-23 14:15:00'),
(36, 23035, 36, 34, 'UML diagrams are technically correct.', '2026-02-24 09:00:00'),
(37, 23036, 37, 28, 'Vulnerability lab results are accurate.', '2026-02-24 10:15:00'),
(38, 23037, 38, 17, 'Sentence structures are improving.', '2026-02-24 11:30:00'),
(39, 23038, 39, 18, 'Peace theory quiz passed.', '2026-02-24 13:00:00'),
(40, 23039, 40, 91, 'Outstanding history project.', '2026-02-24 14:45:00'),
(41, 23040, 41, 42, 'ID3 algorithm works as expected.', '2026-02-24 16:00:00'),
(42, 23041, 42, 7, 'Tutorial completed.', '2026-02-15 09:00:00'),
(43, 23042, 43, 35, 'Ontology model is comprehensive.', '2026-02-16 10:00:00'),
(44, 23043, 44, 13, 'Sampling distributions understood.', '2026-02-17 11:00:00'),
(45, 23044, 45, 32, 'Essay flow is good.', '2026-02-18 12:00:00'),
(46, 23045, 46, 88, 'Firewall config is secure.', '2026-02-19 13:00:00'),
(47, 23046, 47, 18, 'Virtual switch set up correctly.', '2026-02-20 14:00:00'),
(48, 23047, 48, 16, 'Vocab results are satisfactory.', '2026-02-21 15:00:00'),
(49, 23048, 49, 28, 'Policy simulation was effective.', '2026-02-22 16:00:00'),
(50, 23049, 50, 44, 'Poetry review shows deep insight.', '2026-02-23 09:00:00'),
(51, 23050, 51, 12, 'Doc standards followed.', '2026-02-24 10:00:00'),
(52, 23051, 52, 190, 'Exceptional thesis defense.', '2026-02-10 11:00:00'),
(53, 23052, 53, 17, 'Body language improved.', '2026-02-11 12:00:00'),
(54, 23053, 54, 33, 'Graph algorithms implemented.', '2026-02-12 13:00:00'),
(55, 23054, 55, 22, 'Lab experiments were precise.', '2026-02-13 14:00:00'),
(56, 23055, 56, 18, 'Predicate calculus understood.', '2026-02-14 15:00:00'),
(57, 23056, 57, 9, 'Wiring drill passed.', '2026-02-15 16:00:00'),
(58, 23057, 58, 85, 'Solid performance in Calc II.', '2026-02-16 09:00:00'),
(59, 23058, 59, 43, 'Diplomatic strategy is logical.', '2026-02-17 10:00:00'),
(60, 23059, 60, 16, 'Regression models are correct.', '2026-02-18 11:00:00'),
(61, 23060, 61, 28, 'MATLAB scripts are well-written.', '2026-02-19 12:00:00'),
(62, 23061, 62, 18, 'LaTeX formatting is professional.', '2026-02-20 13:00:00'),
(63, 23062, 63, 35, 'SVD analysis completed.', '2026-02-21 14:00:00'),
(64, 23063, 64, 90, 'High score on final stats.', '2026-02-22 15:00:00'),
(65, 23064, 65, 17, 'Hardware ID is accurate.', '2026-02-23 16:00:00'),
(66, 23065, 66, 55, 'Recovery document is detailed.', '2026-02-24 09:00:00'),
(67, 23066, 67, 27, 'Linux permissions lab passed.', '2026-02-10 10:00:00'),
(68, 23067, 68, 9, 'Cron jobs are automated.', '2026-02-11 11:00:00'),
(69, 23068, 69, 18, 'Routing concepts understood.', '2026-02-12 12:00:00'),
(70, 23069, 70, 88, 'Cloud architecture is solid.', '2026-02-13 13:00:00'),
(71, 23070, 71, 45, 'LAN diagram is accurate.', '2026-02-14 14:00:00'),
(72, 23071, 72, 18, 'Storage buckets configured.', '2026-02-15 15:00:00'),
(73, 23072, 73, 38, 'Hypervisor install successful.', '2026-02-16 16:00:00'),
(74, 23073, 74, 14, 'UN history quiz passed.', '2026-02-17 09:00:00'),
(75, 23074, 75, 34, 'NGO role analysis is good.', '2026-02-18 10:00:00'),
(76, 23075, 76, 89, 'Excellent geopolitical exam.', '2026-02-19 11:00:00'),
(77, 23076, 77, 18, 'Convention laws understood.', '2026-02-20 12:00:00'),
(78, 23077, 78, 17, 'Visa protocol quiz passed.', '2026-02-21 13:00:00'),
(79, 23078, 79, 26, 'Conflict simulation successful.', '2026-02-22 14:00:00'),
(80, 23079, 80, 46, 'Renewable policy report is good.', '2026-02-23 15:00:00'),
(81, 23080, 81, 13, 'Research methods quiz passed.', '2026-02-24 16:00:00'),
(82, 23081, 82, 92, 'Grant writing proposal is ready.', '2026-02-10 09:00:00'),
(83, 23082, 83, 18, 'Data masking successful.', '2026-02-11 10:00:00'),
(84, 23083, 84, 44, 'Roadmapping is clear.', '2026-02-12 11:00:00'),
(85, 23084, 85, 38, 'Trademark filing simulation.', '2026-02-13 12:00:00'),
(86, 23085, 86, 9, 'Thesis Chapter 1 update.', '2026-02-14 13:00:00'),
(87, 23086, 87, 26, 'Python scripts are working.', '2026-02-15 14:00:00'),
(88, 23087, 88, 85, 'Circuit exam high score.', '2026-02-16 15:00:00'),
(89, 23088, 89, 18, 'Normalization drill passed.', '2026-02-17 16:00:00'),
(90, 23089, 90, 18, 'Cloud layers understood.', '2026-02-18 09:00:00'),
(91, 23090, 91, 28, 'Phonetic test high score.', '2026-02-19 10:00:00'),
(92, 23091, 92, 45, 'History essay is detailed.', '2026-02-20 11:00:00'),
(93, 23092, 93, 14, 'Gravity quiz passed.', '2026-02-21 12:00:00'),
(94, 23093, 94, 91, 'A+ cert results excellent.', '2026-02-22 13:00:00'),
(95, 23094, 95, 17, 'Globalization impacts clear.', '2026-02-23 14:00:00'),
(96, 23095, 96, 36, 'Plagiarism case analyzed.', '2026-02-24 15:00:00'),
(97, 23096, 97, 28, 'Recursion lab successful.', '2026-02-10 16:00:00'),
(98, 23097, 98, 18, 'Assembly registers understood.', '2026-02-11 09:00:00'),
(99, 23098, 99, 17, 'Hamming distance drill.', '2026-02-12 10:00:00'),
(100, 23099, 100, 48, 'Thread sync works well.', '2026-02-13 11:00:00'),
(101, 23100, 101, 88, 'Vocab final high score.', '2026-02-14 12:00:00'),
(102, 23101, 102, 17, 'Pali script quiz passed.', '2026-02-15 13:00:00'),
(103, 23102, 103, 26, 'Limit approximation graph.', '2026-02-16 14:00:00'),
(104, 23103, 104, 45, 'AD forest structure good.', '2026-02-17 15:00:00'),
(105, 23104, 105, 16, 'Trade policy drill passed.', '2026-02-18 16:00:00'),
(106, 23105, 106, 90, 'Research method high score.', '2026-02-19 09:00:00'),
(107, 23106, 107, 18, 'Syscall quiz passed.', '2026-02-20 10:00:00'),
(108, 23107, 108, 44, 'Microcontroller project.', '2026-02-21 11:00:00'),
(109, 23108, 109, 28, 'Naive Bayes filter works.', '2026-02-22 12:00:00'),
(110, 23109, 110, 18, 'P2P protocol understood.', '2026-02-23 13:00:00'),
(111, 23110, 111, 35, 'Style guide followed.', '2026-02-24 14:00:00'),
(112, 23111, 112, 18, 'Regional variations quiz.', '2026-02-15 15:00:00');

-- 1. Find the total number of students enrolled in each department and sort by highest enrollment?
SELECT d.department_name, COUNT(DISTINCT e.ykpt) AS total_students
FROM Departments d
JOIN Courses c ON d.department_id = c.department_id
JOIN Enrollments e ON c.course_id = e.course_id
GROUP BY d.department_id
ORDER BY total_students DESC;

-- 2. Check how many courses are currently 'In Progress' for 'Term 1'? 
SELECT COUNT(DISTINCT e.course_id) AS in_progress_count
FROM Enrollments e
JOIN Terms t ON e.term_id = t.term_id
WHERE e.completion_status = 'In Progress' 
AND t.semester_name = 'I';

-- 3. Find the number of late attendance records for each student? 
SELECT s.ykpt, concat(s.first_name,' ',s.middle_name,' ', s.last_name) as student_name, COUNT(a.attendance_id) AS late_count
FROM Students s
JOIN Attendance a ON s.ykpt = a.ykpt
JOIN Classes c ON a.class_id = c.class_id
WHERE a.time_arrived > c.start_time
GROUP BY s.ykpt;

-- 4. Retrieve the instructor with the highest number of assigned lectures and their details? 
SELECT i.*, COUNT(l.lecture_id) AS lecture_count
FROM Instructors i
JOIN Lectures l ON i.instructor_id = l.instructor_id
GROUP BY i.instructor_id
ORDER BY lecture_count DESC
LIMIT 1;

-- 5. Find all assessments that are past their due date and have not been completed? 
SELECT assessment_name, due_date, assessment_type
FROM Assessments
WHERE due_date < NOW() 
AND completion_status != 'Completed';

-- 6. Retrieve the enrollment history and completion status for a specific student (ID: 23023)? 
SELECT c.course_name, t.semester_name, t.academic_year, e.enrolled_at, e.completion_status
FROM Enrollments e
JOIN Courses c ON e.course_id = c.course_id
JOIN Terms t ON e.term_id = t.term_id
WHERE e.ykpt = 23023;

-- 7. What is the total number of academic resources available for the 'CS-101' course? 
SELECT COUNT(resource_id) AS total_resources
FROM Resources r
JOIN Courses c ON r.course_id = c.course_id
WHERE c.course_name = 'CS-101';

-- 8. Identify students who have attended a specific class (Class ID: 1) and their arrival times? 
SELECT s.ykpt, concat(s.first_name,' ',s.middle_name,' ', s.last_name) as student_name, a.time_arrived
FROM Attendance a
JOIN Students s ON a.ykpt = s.ykpt
WHERE a.class_id = 1;

-- THE END --